OrderID,CustomerID,OrderDate,Product,Quantity,Amount
1,99,2026-08-24,Mouse,2,24476.4
2,540,2026-06-08,Headphones,3,27098.81
3,81,2026-04-12,Headphones,4,46170.28
4,714,2026-03-04,Mobile,3,68562.14
5,83,2026-08-06,Monitor,1,9803.3
6,387,2026-04-08,Mouse,4,6083.44
7,720,2026-01-03,Mobile,1,50235.91
8,661,2026-04-22,Tablet,3,56802.73
9,998,2026-08-08,Laptop,5,91955.65
10,217,2026-02-28,Tablet,5,47812.28
11,947,2026-01-12,Laptop,3,89981.51
12,674,2026-05-25,Laptop,2,92912.25
13,17,2026-03-22,Mobile,5,14847.06
14,730,2026-07-30,Tablet,4,92923.06
15,167,2026-03-18,Mouse,2,56886.24
16,399,2026-08-06,Monitor,5,33507.12
17,758,2026-07-13,Mobile,1,50328.89
18,355,2026-09-07,Laptop,1,43990.28
19,78,2026-08-03,Headphones,5,77016.06
20,610,2026-09-02,Keyboard,3,3447.75
21,803,2026-03-11,Keyboard,4,23199.77
22,964,2026-05-22,Keyboard,4,18980.92
23,677,2026-05-30,Keyboard,1,77330.66
24,818,2026-03-17,Mobile,1,8662.78
25,390,2026-02-09,Monitor,2,74095.7
26,370,2026-03-23,Laptop,1,1016.92
27,456,2026-03-20,Headphones,3,10672.03
28,192,2026-01-23,Keyboard,4,55920.01
29,418,2026-05-12,Laptop,1,9417.07
30,96,2026-05-22,Mouse,5,78551.65
31,395,2026-08-10,Laptop,3,41674.1
32,87,2026-07-19,Monitor,5,90568.15
33,249,2026-09-08,Mouse,5,17373.5
34,174,2026-04-08,Mobile,3,30462.56
35,150,2026-05-07,Laptop,2,43750.29
36,307,2026-04-18,Keyboard,1,36431.93
37,253,2026-08-30,Monitor,4,59583.74
38,469,2026-02-20,Laptop,2,30813.47
39,406,2026-08-31,Headphones,5,38299.05
40,338,2026-08-09,Keyboard,3,43346.31
41,881,2026-07-30,Monitor,5,14044.38
42,618,2026-03-24,Monitor,2,48161.47
43,988,2026-02-15,Keyboard,3,29499.09
44,649,2026-06-27,Keyboard,5,78306.45
45,386,2026-03-25,Headphones,4,36819.05
46,578,2026-08-27,Mobile,5,99727.86
47,699,2026-02-16,Tablet,5,3178.15
48,473,2026-07-06,Monitor,2,44126.27
49,852,2026-03-16,Monitor,1,81987.07
50,815,2026-07-23,Keyboard,4,14348.32
51,248,2026-03-19,Headphones,2,71666.02
52,387,2026-07-22,Laptop,4,99074.71
53,597,2026-05-03,Keyboard,5,50907.96
54,891,2026-08-24,Monitor,4,54592.7
55,992,2026-07-22,Headphones,5,59585.08
56,88,2026-08-23,Laptop,2,65931.36
57,171,2026-04-01,Monitor,5,4907.52
58,694,2026-06-15,Monitor,4,96697.71
59,989,2026-03-26,Tablet,4,11041.48
60,265,2026-01-26,Mobile,5,74811.88
61,595,2026-05-23,Monitor,5,22492.66
62,401,2026-04-06,Keyboard,5,69198.51
63,354,2026-02-08,Laptop,4,10902.66
64,943,2026-04-17,Laptop,1,83216.12
65,146,2026-07-06,Headphones,3,34635.13
66,212,2026-07-20,Mouse,4,35155.88
67,449,2026-01-25,Monitor,4,32231.49
68,46,2026-03-18,Tablet,1,2747.22
69,664,2026-03-29,Laptop,2,93027.28
70,250,2026-07-09,Mouse,2,55415.07
71,574,2026-03-26,Keyboard,4,23569.63
72,645,2026-04-14,Mobile,2,64227.65
73,406,2026-04-21,Laptop,5,88368.19
74,607,2026-04-26,Keyboard,4,942.78
75,211,2026-02-24,Headphones,1,57946.12
76,893,2026-07-24,Mouse,2,36896.41
77,469,2026-02-20,Laptop,3,67234.79
78,541,2026-05-06,Monitor,3,59898.6
79,402,2026-06-06,Mouse,1,35118.5
80,469,2026-08-05,Mouse,2,81466.96
81,820,2026-06-30,Headphones,5,59221.75
82,138,2026-06-22,Headphones,1,24237.99
83,188,2026-01-30,Headphones,2,51327.07
84,611,2026-04-18,Mobile,5,38679.14
85,499,2026-02-17,Monitor,5,69496.58
86,954,2026-06-15,Mobile,5,17103.12
87,144,2026-03-15,Mobile,3,84277.53
88,55,2026-06-08,Tablet,3,95208.27
89,140,2026-05-05,Mobile,4,96400.99
90,669,2026-05-10,Keyboard,4,68627.32
91,728,2026-04-17,Tablet,4,49125.6
92,579,2026-01-22,Laptop,2,29562.95
93,231,2026-03-12,Mouse,3,17236.79
94,580,2026-04-28,Monitor,4,55197.76
95,587,2026-01-29,Laptop,3,77623.75
96,376,2026-07-30,Mouse,1,76120.41
97,560,2026-04-23,Mobile,4,10690.44
98,670,2026-08-01,Tablet,2,30122.04
99,461,2026-01-09,Headphones,3,86288.86
100,450,2026-01-23,Tablet,1,77675.35
101,215,2026-03-02,Tablet,5,-500.0
102,728,2026-08-09,Mouse,4,17015.17
103,804,2026-02-05,Mobile,2,80641.33
104,360,2026-05-26,Mouse,3,59887.34
105,332,2026-02-13,Monitor,3,29288.66
106,976,2026-03-10,Tablet,5,98556.09
107,835,2026-06-23,Laptop,2,96295.81
108,422,2026-07-21,Laptop,3,86771.24
109,719,2026-02-02,Tablet,2,25342.89
110,330,2026-07-02,Tablet,2,76266.62
111,403,2026-06-23,Keyboard,2,57953.84
112,643,2026-03-10,Keyboard,4,45473.18
113,814,2026-06-12,Tablet,1,40583.65
114,285,2026-07-11,Monitor,3,45742.22
115,336,2026-05-05,Mouse,1,86956.32
116,751,2026-08-05,Laptop,4,63666.63
117,367,2026-06-28,Tablet,1,79669.95
118,224,2026-04-12,Keyboard,2,49724.14
119,849,2026-03-24,Headphones,3,54957.4
120,580,2026-02-03,Tablet,4,78936.21
121,699,2026-08-17,Tablet,1,5071.32
122,803,2026-06-10,Tablet,4,2119.99
123,879,2026-08-26,Mobile,4,45923.55
124,439,2026-09-03,Mobile,2,88273.7
125,163,2026-03-19,Tablet,3,9787.33
126,257,2026-04-03,Laptop,3,66618.63
127,170,2026-06-16,Laptop,4,62747.63
128,717,2026-07-05,Tablet,2,43208.48
129,721,2026-01-24,Laptop,1,21735.41
130,136,2026-01-20,Mouse,2,52184.7
131,10,2026-04-24,Laptop,3,81802.35
132,433,2026-08-09,Monitor,2,48031.17
133,393,2026-02-28,Laptop,1,10768.55
134,903,2026-04-05,Headphones,2,38580.74
135,772,2026-07-28,Tablet,2,64336.83
136,147,2026-06-23,Laptop,5,56547.48
137,666,2026-06-06,Mobile,4,35443.18
138,644,2026-02-24,Monitor,2,92029.47
139,704,2026-06-07,Keyboard,2,9125.46
140,144,2026-01-26,Tablet,1,59162.6
141,360,2026-04-09,Keyboard,3,79212.13
142,284,2026-03-05,Monitor,1,25192.62
143,615,2026-06-03,Monitor,5,28849.62
144,708,2026-08-29,Laptop,3,20941.85
145,522,2026-06-05,Mobile,4,29906.43
146,803,2026-01-14,Tablet,2,49741.33
147,247,2026-01-29,Keyboard,5,7565.69
148,13,2026-08-16,Headphones,3,13632.3
149,860,2026-08-09,Mouse,4,36858.54
150,177,2026-06-24,Tablet,4,95468.07
151,75,2026-07-17,Laptop,5,7219.49
152,221,2026-03-09,Laptop,1,94893.66
153,519,2026-04-12,Headphones,5,76827.45
154,719,2026-04-19,Keyboard,1,64233.46
155,631,2026-05-18,Mobile,3,8817.91
156,524,2026-01-21,Mobile,2,53870.82
157,601,2026-04-11,Monitor,1,31361.86
158,748,2026-04-22,Tablet,2,6261.64
159,947,2026-01-23,Keyboard,1,45610.5
160,57,2026-06-05,Headphones,2,12384.58
161,141,2026-07-01,Monitor,1,16801.35
162,356,2026-09-01,Mouse,5,78407.22
163,266,2026-07-04,Mobile,3,13129.6
164,895,2026-07-19,Headphones,1,77257.31
165,344,2026-01-08,Tablet,4,27562.07
166,270,2026-01-17,Monitor,5,62939.52
167,467,2026-05-08,Mouse,3,6016.19
168,581,2026-08-08,Mobile,3,16152.34
169,106,2026-07-17,Mouse,1,23226.24
170,3,2026-05-11,Laptop,1,24832.87
171,373,2026-05-01,Keyboard,2,18306.61
172,879,2026-09-03,Laptop,5,80409.99
173,759,2026-07-02,Monitor,4,22839.27
174,427,2026-03-05,Monitor,3,27490.17
175,586,2026-01-20,Headphones,1,50453.07
176,54,2026-08-19,Mobile,2,80531.63
177,977,2026-01-12,Keyboard,1,87760.63
178,290,2026-08-10,Tablet,3,33066.44
179,468,2026-05-22,Laptop,3,20466.78
180,804,2026-05-25,Headphones,5,24637.11
181,606,2026-04-05,Keyboard,2,73380.1
182,779,2026-05-20,Tablet,2,15481.35
183,420,2026-08-27,Laptop,2,54383.75
184,860,2026-06-12,Monitor,1,95123.53
185,778,2026-01-01,Monitor,4,84976.1
186,315,2026-07-06,Laptop,2,53216.54
187,430,2026-03-02,Keyboard,1,97269.64
188,729,2026-02-06,Headphones,1,4868.08
189,919,2026-03-01,Tablet,5,41599.15
190,382,2026-08-18,Keyboard,1,58286.68
191,137,2026-05-10,Monitor,4,7945.63
192,64,2026-05-26,Keyboard,2,24058.79
193,872,2026-03-08,Headphones,4,70222.2
194,335,2026-07-08,Headphones,4,27559.61
195,967,2026-01-20,Mobile,2,78103.73
196,112,2026-05-30,Mobile,1,16855.31
197,322,2026-04-30,Keyboard,1,53824.49
198,789,2026-09-04,Mobile,4,31176.62
199,873,2026-03-09,Laptop,1,16182.73
200,312,2026-06-25,Tablet,5,4512.82
201,878,2026-08-02,,2,9575.68
202,992,2026-03-05,Headphones,4,51589.24
203,307,2026-06-23,Headphones,2,3592.67
204,876,2026-04-14,Keyboard,5,74933.81
205,97,2026-03-05,Keyboard,1,80487.73
206,125,2026-02-05,Laptop,1,83122.05
207,134,2026-02-26,Mobile,4,37537.85
208,961,2026-06-11,Monitor,1,58441.22
209,940,2026-03-08,Tablet,1,2669.12
210,203,2026-01-17,Monitor,4,81025.22
211,927,2026-01-24,Tablet,3,12691.5
212,473,2026-08-30,Laptop,2,92451.11
213,842,2026-04-21,Monitor,4,49864.58
214,700,2026-04-08,Keyboard,2,35717.35
215,192,2026-08-21,Headphones,3,44878.14
216,36,2026-02-08,Mouse,5,61889.23
217,303,2026-06-15,Keyboard,4,88336.47
218,63,2026-05-03,Laptop,3,38610.02
219,205,2026-04-18,Monitor,5,25290.2
220,557,2026-07-25,Tablet,1,98945.66
221,731,2026-07-20,Headphones,4,54679.52
222,353,2026-05-05,Mouse,5,32499.64
223,185,2026-03-11,Laptop,3,59913.08
224,918,2026-01-08,Tablet,3,6329.83
225,543,2026-05-01,Headphones,5,99960.77
226,164,2026-09-07,Laptop,2,65858.01
227,547,2026-03-10,Tablet,1,76522.95
228,225,2026-08-31,Mouse,4,35803.06
229,866,2026-08-03,Mobile,2,24036.84
230,826,2026-03-23,Monitor,3,91441.01
231,721,2026-01-08,Monitor,3,94782.09
232,146,2026-05-25,Mouse,2,83751.34
233,903,2026-07-27,Keyboard,5,31250.78
234,39,2026-05-06,Laptop,1,23646.02
235,21,2026-02-26,Mouse,4,568.01
236,629,2026-08-23,Mobile,2,34405.52
237,941,2026-02-15,Tablet,3,6425.82
238,601,2026-02-07,Monitor,2,77549.47
239,539,2026-08-05,Tablet,3,96075.6
240,722,2026-04-06,Monitor,4,58808.66
241,310,2026-03-28,Headphones,2,97598.14
242,972,2026-07-07,Keyboard,4,65093.44
243,725,2026-02-14,Mouse,5,78805.68
244,682,2026-02-27,Mouse,2,38149.22
245,706,2026-07-07,Headphones,2,18181.97
246,972,2026-01-01,Monitor,5,39464.34
247,989,2026-07-17,Mouse,1,18617.13
248,944,2026-03-23,Tablet,5,22479.08
249,107,2026-05-25,Keyboard,2,33451.26
250,244,2026-01-20,Headphones,3,17204.8
251,987,2026-08-15,Laptop,3,44939.68
252,215,2026-03-09,Mobile,1,35372.88
253,111,2026-07-21,Monitor,1,5290.67
254,751,2026-04-23,Keyboard,2,88512.92
255,903,2026-05-07,Keyboard,3,54829.38
256,849,2026-01-26,Keyboard,5,65271.47
257,231,2026-06-25,Mobile,4,7834.08
258,35,2026-08-05,Headphones,1,32212.33
259,108,2026-09-01,Laptop,3,17425.47
260,165,2026-04-07,Monitor,1,54931.1
261,96,2026-08-18,Headphones,5,98534.97
262,495,2026-08-17,Monitor,1,43416.67
263,169,2026-06-17,Mouse,4,16131.83
264,340,2026-01-26,Mobile,2,41223.35
265,740,2026-05-22,Monitor,5,26893.84
266,305,2026-03-14,Mobile,1,5438.73
267,563,2026-05-27,Tablet,4,15782.2
268,4,2026-04-03,Keyboard,1,29807.67
269,641,2026-06-19,Mouse,4,20367.64
270,212,2026-01-07,Mobile,3,97717.24
271,865,2026-05-02,Laptop,3,78595.22
272,501,2026-05-01,Monitor,3,9568.12
273,397,2026-05-20,Mobile,3,88606.52
274,192,2026-04-05,Keyboard,1,26697.95
275,270,2026-04-30,Mobile,3,56642.54
276,771,2026-02-08,Monitor,1,9027.88
277,828,2026-03-30,Mouse,4,97085.2
278,233,2026-05-31,Mouse,1,84159.32
279,536,2026-07-29,Keyboard,5,68863.26
280,487,2026-08-28,Mouse,2,47888.1
281,405,2026-01-21,Tablet,1,50459.1
282,530,2026-08-19,Tablet,5,67914.72
283,151,2026-06-08,Laptop,4,17701.46
284,996,2026-02-12,Mobile,2,13055.51
285,81,2026-04-19,Monitor,4,20590.97
286,643,2026-07-30,Mobile,5,26159.69
287,745,2026-08-22,Tablet,1,9159.23
288,407,2026-05-23,Mouse,3,85734.11
289,470,2026-05-14,Tablet,1,78761.79
290,602,2026-06-09,Mouse,4,11695.62
291,152,2026-02-08,Mouse,5,58476.37
292,963,2026-09-04,Laptop,1,56487.03
293,805,2026-01-26,Headphones,5,88073.51
294,421,2026-08-13,Headphones,4,65651.37
295,624,2026-05-27,Keyboard,1,17633.87
296,148,2026-04-14,Mouse,5,68240.88
297,40,2026-04-13,Keyboard,3,69206.12
298,764,2026-01-13,Keyboard,3,89754.62
299,346,2026-01-06,Tablet,3,31439.46
300,504,2026-08-04,Tablet,1,97263.42
300,504,2026-08-04,Tablet,1,97263.42
302,276,2026-03-24,Monitor,4,60695.42
303,193,2026-01-23,Keyboard,2,91386.56
304,759,2026-04-15,Keyboard,5,86785.3
305,58,2026-07-30,Mouse,2,7028.89
306,519,2026-07-01,Keyboard,2,78161.38
307,901,2026-05-15,Mouse,1,17786.87
308,853,2026-08-13,Mobile,1,25324.28
309,52,2026-04-27,Headphones,2,27760.76
310,476,2026-07-30,Mouse,4,63723.28
311,698,2026-02-01,Laptop,2,37560.44
312,457,2026-06-02,Mobile,4,58894.58
313,353,2026-03-31,Mobile,3,75021.63
314,93,2026-06-26,Headphones,1,38963.28
315,875,2026-02-11,Mouse,2,85782.56
316,231,2026-06-15,Monitor,2,27273.82
317,526,2026-04-15,Laptop,1,47672.67
318,663,2026-02-03,Mobile,5,80186.05
319,259,2026-02-27,Mouse,3,71417.68
320,659,2026-07-01,Headphones,4,89600.56
321,358,2026-08-07,Keyboard,3,22211.8
322,694,2026-03-19,Mouse,5,40016.68
323,8,2026-01-27,Mouse,3,56364.98
324,624,2026-06-02,Headphones,3,68599.11
325,66,2026-05-04,Headphones,3,64239.18
326,284,2026-08-09,Headphones,3,19241.83
327,784,2026-05-13,Mobile,1,80640.27
328,830,2026-07-25,Mouse,4,66222.77
329,144,2026-06-24,Monitor,1,65712.36
330,266,2026-03-17,Keyboard,4,39133.35
331,598,2026-01-10,Monitor,5,81693.46
332,744,2026-03-29,Monitor,2,68788.65
333,804,2026-06-13,Keyboard,3,50977.83
334,175,2026-08-05,Tablet,5,18523.02
335,483,2026-01-25,Mobile,3,72656.07
336,782,2026-05-24,Mobile,3,65616.25
337,364,2026-02-26,Mobile,3,42337.02
338,340,2026-08-16,Headphones,3,58764.28
339,872,2026-04-29,Laptop,4,5840.86
340,598,2026-06-12,Mouse,5,7585.97
341,200,2026-08-16,Mouse,1,86816.03
342,543,2026-04-08,Headphones,4,5879.17
343,155,2026-08-07,Mobile,2,34595.65
344,915,2026-05-26,Keyboard,2,31980.15
345,185,2026-07-03,Tablet,1,49014.29
346,182,2026-06-11,Headphones,1,968.99
347,215,2026-03-12,Tablet,2,57839.75
348,502,2026-02-10,Tablet,1,13375.89
349,649,2026-04-22,Keyboard,4,43188.03
350,393,2026-05-03,Laptop,1,53611.37
351,383,2026-07-07,Laptop,3,75806.35
352,196,2026-05-16,Laptop,1,62855.35
353,232,2026-03-05,Monitor,3,31553.18
354,393,2026-01-27,Mouse,5,30958.45
355,844,2026-01-17,Laptop,3,94872.11
356,746,2026-04-27,Mouse,5,52649.71
357,910,2026-04-22,Monitor,2,34601.92
358,502,2026-08-19,Headphones,2,16905.91
359,941,2026-08-21,Tablet,4,2402.91
360,745,2026-02-27,Mobile,2,73540.62
361,517,2026-05-31,Mobile,1,36975.85
362,812,2026-06-16,Laptop,4,87716.14
363,790,2026-03-07,Mouse,5,5334.4
364,678,2026-01-13,Laptop,1,5299.39
365,427,2026-01-30,Keyboard,4,12797.71
366,486,2026-03-06,Monitor,2,20946.74
367,646,2026-06-25,Laptop,3,42376.71
368,679,2026-01-26,Mouse,3,62468.38
369,141,2026-06-29,Keyboard,1,51402.69
370,121,2026-06-08,Headphones,1,78583.63
371,204,2026-05-08,Mouse,2,77906.91
372,536,2026-08-01,Mobile,3,70491.96
373,165,2026-03-17,Laptop,5,49887.29
374,705,2026-02-23,Keyboard,3,23833.27
375,688,2026-01-04,Laptop,1,83605.6
376,506,2026-06-21,Mobile,1,78062.86
377,741,2026-01-20,Monitor,1,90525.55
378,237,2026-06-14,Keyboard,3,26780.44
379,103,2026-01-13,Tablet,2,87476.97
380,298,2026-08-07,Headphones,3,42886.52
381,98,2026-01-30,Tablet,1,1462.4
382,680,2026-02-05,Monitor,2,33201.75
383,449,2026-08-17,Mouse,3,87908.32
384,382,2026-01-24,Tablet,3,18695.51
385,410,2026-04-13,Keyboard,3,83652.98
386,872,2026-06-26,Keyboard,4,65060.23
387,171,2026-07-24,Laptop,2,69768.9
388,966,2026-01-16,Tablet,2,10819.45
389,605,2026-08-22,Keyboard,5,68000.12
390,626,2026-02-16,Keyboard,3,61330.16
391,701,2026-08-09,Tablet,2,48566.43
392,116,2026-05-05,Keyboard,4,5074.25
393,671,2026-03-08,Headphones,1,70604.53
394,538,2026-06-23,Tablet,5,72515.47
395,979,2026-02-27,Monitor,3,52150.42
396,718,2026-06-26,Mouse,1,43568.37
397,255,2026-07-06,Keyboard,3,66539.21
398,395,2026-06-14,Mobile,5,89260.16
399,56,2026-06-06,Laptop,2,50803.97
400,873,2026-05-01,Keyboard,2,7949.09
401,329,2026-05-06,Mobile,3,97029.43
402,520,2026-01-13,Mobile,5,64510.07
403,837,2026-04-14,Mobile,1,46179.91
404,587,2026-07-25,Keyboard,1,85730.63
405,324,2026-04-25,Laptop,4,74651.28
406,106,2026-01-05,Keyboard,4,4065.28
407,1,2026-05-21,Tablet,1,79282.44
408,634,2026-09-04,Monitor,3,89066.03
409,212,2026-05-24,Monitor,4,95060.34
410,846,2026-04-04,Laptop,2,84509.59
411,574,2026-03-26,Tablet,5,60195.14
412,673,2026-07-03,Headphones,4,11845.32
413,675,2026-07-14,Mobile,1,34465.03
414,649,2026-08-01,Tablet,3,54995.21
415,719,2026-04-06,Laptop,1,89739.27
416,144,2026-05-07,Tablet,4,11142.67
417,201,2026-06-06,Mobile,1,93056.52
418,221,2026-04-11,Keyboard,2,71820.4
419,776,2026-01-28,Keyboard,1,92699.34
420,689,2026-08-03,Mouse,1,77328.44
421,469,2026-04-26,Monitor,5,95640.94
422,987,2026-02-04,Keyboard,1,53271.25
423,567,2026-01-13,Keyboard,5,48551.73
424,800,2026-05-11,Mobile,5,17778.2
425,132,2026-07-28,Laptop,4,65923.42
426,904,2026-06-05,Headphones,5,88198.36
427,624,2026-04-18,Monitor,2,27722.79
428,352,2026-09-04,Headphones,4,80577.28
429,423,2026-02-05,Mouse,5,30241.86
430,561,2026-06-29,Tablet,3,71331.5
431,567,2026-08-28,Monitor,2,20488.46
432,732,2026-06-09,Headphones,3,92158.58
433,728,2026-02-03,Monitor,2,50637.4
434,653,2026-06-27,Headphones,1,76197.11
435,492,2026-05-24,Mouse,5,94296.03
436,428,2026-07-01,Monitor,5,28949.83
437,433,2026-08-05,Tablet,1,52511.63
438,391,2026-01-07,Mobile,1,67190.29
439,274,2026-02-21,Tablet,2,98361.47
440,257,2026-06-24,Mobile,1,69214.19
441,209,2026-03-17,Tablet,5,3714.49
442,464,2026-07-28,Laptop,5,86869.52
443,576,2026-07-09,Tablet,2,74370.07
444,399,2026-05-24,Mobile,5,78538.56
445,713,2026-07-24,Headphones,1,92685.24
446,427,2026-04-10,Tablet,3,96600.4
447,14,2026-01-14,Monitor,3,20707.18
448,800,2026-08-11,Tablet,4,83083.36
449,649,2026-08-22,Monitor,3,75633.22
450,757,2026-05-20,Mouse,2,77726.6
451,199,2026-09-04,Headphones,4,18153.88
452,77,2026-06-24,Mobile,2,73640.41
453,387,2026-01-31,Laptop,4,28271.67
454,134,2026-03-09,Mobile,5,84678.41
455,339,2026-01-02,Keyboard,2,4474.09
456,331,2026-08-26,Mouse,1,77479.26
457,631,2026-06-10,Tablet,3,49309.82
458,564,2026-05-27,Headphones,1,78511.13
459,539,2026-03-23,Mobile,2,52300.33
460,518,2026-07-21,Mobile,4,54536.48
461,95,2026-04-14,Headphones,2,88397.98
462,340,2026-06-19,Headphones,3,29710.65
463,771,2026-09-01,Mouse,5,47748.29
464,844,2026-05-24,Tablet,1,11914.83
465,457,2026-03-30,Mobile,5,91901.43
466,982,2026-03-04,Laptop,3,38446.57
467,968,2026-07-23,Laptop,4,26030.76
468,290,2026-07-05,Laptop,5,82299.85
469,527,2026-04-06,Tablet,5,44832.91
470,304,2026-01-12,Monitor,2,32371.12
471,971,2026-01-22,Laptop,2,97177.06
472,551,2026-07-17,Mouse,1,62879.84
473,687,2026-02-23,Monitor,2,86562.61
474,856,2026-04-19,Laptop,2,54006.54
475,900,2026-06-29,Monitor,4,64832.84
476,74,2026-08-29,Monitor,2,2863.42
477,340,2026-07-03,Laptop,1,7788.18
478,814,2026-02-15,Headphones,5,7508.99
479,234,2026-07-30,Headphones,4,39109.24
480,415,2026-06-11,Keyboard,3,2180.65
481,122,2026-06-22,Mouse,1,64321.56
482,65,2026-06-08,Tablet,5,5028.93
483,75,2026-08-06,Headphones,5,11060.49
484,703,2026-07-21,Headphones,5,9107.27
485,949,2026-07-15,Keyboard,4,39813.77
486,32,2026-06-19,Keyboard,2,53580.04
487,765,2026-02-04,Keyboard,5,29850.36
488,148,2026-06-12,Headphones,3,95760.47
489,567,2026-01-03,Tablet,5,14566.7
490,6,2026-01-11,Mouse,5,39711.13
491,970,2026-05-21,Laptop,3,21400.26
492,926,2026-07-09,Monitor,3,21567.83
493,662,2026-08-20,Tablet,5,14674.28
494,227,2026-02-17,Mouse,3,19835.46
495,688,2026-02-16,Tablet,5,85298.99
496,770,2026-08-06,Mouse,4,64645.11
497,298,2026-01-19,Monitor,1,25443.42
498,744,2026-02-20,Mouse,4,95178.22
499,132,2026-04-02,Monitor,2,10454.48
500,72,2026-06-08,Mobile,3,48843.19
501,632,2026-03-26,Monitor,3,69499.08
502,580,2026-02-09,Mouse,3,80866.13
503,439,2026-09-03,Mobile,1,31664.87
504,227,2026-07-21,Monitor,4,28029.64
505,138,2026-04-03,Monitor,3,87849.64
506,457,2026-04-29,Headphones,3,48953.65
507,180,2026-01-28,Monitor,5,8656.38
508,880,2026-03-13,Tablet,2,89184.06
509,270,2026-02-20,Monitor,1,72878.82
510,20,2026-08-17,Tablet,5,63346.84
511,596,2026-07-28,Mouse,4,77035.43
512,929,2026-02-24,Laptop,5,26431.32
513,553,2026-08-17,Keyboard,2,36898.95
514,913,2026-02-27,Tablet,5,73456.07
515,138,2026-03-16,Keyboard,5,51285.99
516,373,2026-04-12,Mouse,1,66436.51
517,988,2026-08-06,Tablet,5,68574.08
518,527,2026-07-13,Mobile,4,16342.63
519,972,2026-05-25,Mouse,2,73724.02
520,962,2026-05-04,Headphones,1,22272.5
521,238,2026-05-05,Laptop,3,37258.8
522,685,2026-01-11,Mobile,5,90818.75
523,398,2026-04-03,Keyboard,4,88214.42
524,665,2026-01-11,Headphones,1,70521.76
525,649,2026-05-14,Tablet,3,83569.79
526,593,2026-03-09,Mouse,5,17798.06
527,388,2026-06-17,Headphones,5,65506.99
528,80,2026-08-02,Mouse,3,37944.71
529,229,2026-08-21,Mouse,4,35613.35
530,354,2026-08-11,Keyboard,4,88773.61
531,514,2026-01-02,Mobile,4,16977.78
532,527,2026-01-20,Monitor,3,21545.95
533,162,2026-02-17,Headphones,5,71871.62
534,677,2026-01-31,Mobile,4,81211.68
535,117,2026-07-04,Keyboard,4,48162.61
536,166,2026-06-01,Monitor,4,2733.38
537,131,2026-01-12,Mouse,5,16532.35
538,525,2026-06-11,Laptop,5,15113.08
539,265,2026-02-12,Mobile,5,95844.71
540,993,2026-06-03,Mouse,1,87911.64
541,678,2026-07-06,Tablet,3,94751.76
542,460,2026-02-25,Mouse,4,86796.59
543,225,2026-02-13,Tablet,4,60283.45
544,597,2026-07-23,Tablet,2,62509.57
545,271,2026-05-11,Mobile,3,92274.02
546,605,2026-06-02,Laptop,2,38132.03
547,112,2026-02-03,Laptop,2,52509.78
548,517,2026-08-21,Monitor,4,82738.16
549,99,2026-06-05,Mobile,4,90210.02
550,40,2026-06-03,Tablet,5,50581.26
551,96,2026-01-31,Keyboard,2,90247.48
552,848,2026-05-19,Laptop,4,52443.4
553,896,2026-04-05,Laptop,5,43181.15
554,822,2026-08-29,Keyboard,4,35376.52
555,760,2026-07-25,Tablet,5,10222.83
556,261,2026-02-04,Keyboard,2,91053.49
557,291,2026-01-22,Mouse,5,41160.35
558,6,2026-02-18,Monitor,1,58009.72
559,533,2026-01-31,Laptop,4,65627.34
560,824,2026-06-26,Headphones,4,36545.84
561,437,2026-02-09,Monitor,5,25736.46
562,549,2026-08-07,Keyboard,5,36881.59
563,697,2026-03-12,Keyboard,2,41616.2
564,571,2026-07-20,Keyboard,2,37336.19
565,496,2026-05-23,Headphones,3,57976.29
566,723,2026-07-18,Keyboard,2,85572.39
567,122,2026-06-18,Monitor,2,44936.19
568,973,2026-06-29,Mobile,1,21838.59
569,805,2026-04-13,Headphones,5,61595.52
570,724,2026-06-25,Laptop,2,39215.82
571,6,2026-06-12,Tablet,1,82413.92
572,949,2026-05-01,Mouse,4,9270.0
573,228,2026-03-09,Headphones,1,61098.37
574,394,2026-07-05,Keyboard,5,65789.44
575,729,2026-03-15,Mouse,1,94598.73
576,180,2026-07-29,Monitor,4,44177.72
577,871,2026-02-21,Monitor,5,28957.65
578,803,2026-01-09,Mouse,5,51823.46
579,630,2026-03-01,Mobile,1,36294.13
580,1,2026-06-17,Mobile,1,99683.31
581,410,2026-07-19,Headphones,4,40842.37
582,531,2026-02-21,Laptop,1,91958.15
583,292,2026-05-21,Monitor,5,91543.39
584,356,2026-03-31,Tablet,3,23016.4
585,200,2026-09-04,Keyboard,4,57703.22
586,180,2026-03-08,Keyboard,5,11093.26
587,516,2026-01-19,Headphones,3,94728.04
588,526,2026-07-25,Headphones,5,81408.16
589,257,2026-05-28,Monitor,4,96622.52
590,496,2026-05-25,Tablet,2,75868.59
591,795,2026-09-04,Keyboard,4,89704.12
592,29,2026-08-09,Keyboard,1,26153.07
593,649,2026-04-08,Tablet,2,67852.84
594,820,2026-02-28,Headphones,4,95566.85
595,549,2026-05-13,Laptop,3,25201.63
596,409,2026-01-24,Monitor,3,8064.87
597,183,2026-08-27,Keyboard,3,35677.02
598,588,2026-08-17,Headphones,2,94738.25
599,953,2026-06-24,Mobile,4,73842.67
600,754,2026-03-02,Mobile,3,21074.47
601,855,2026-02-21,Mobile,5,35924.72
602,110,2026-07-19,Laptop,1,67743.31
603,505,2026-06-19,Mouse,1,76542.3
604,981,2026-05-19,Laptop,4,37434.06
605,505,2026-03-22,Mouse,3,49335.13
606,938,2026-07-15,Mouse,3,40089.01
607,591,2026-07-12,Mobile,1,52810.68
608,490,2026-04-19,Mouse,1,50496.28
609,882,2026-04-11,Monitor,2,45991.01
610,716,2026-01-31,Mouse,4,31907.3
611,13,2026-01-03,Monitor,2,38253.09
612,334,2026-01-26,Headphones,5,86253.28
613,562,2026-02-17,Headphones,2,27306.12
614,628,2026-09-03,Headphones,3,18799.41
615,216,2026-04-19,Keyboard,3,36825.26
616,287,2026-04-13,Keyboard,2,57355.27
617,590,2026-09-08,Monitor,2,81511.97
618,277,2026-07-04,Tablet,2,55756.33
619,391,2026-08-08,Mobile,2,80103.73
620,154,2026-07-09,Keyboard,1,18072.42
621,138,2026-05-08,Tablet,5,53631.27
622,805,2026-03-22,Keyboard,3,25471.92
623,582,2026-08-08,Laptop,4,10347.99
624,62,2026-02-11,Mobile,3,47915.67
625,99,2026-06-11,Keyboard,3,26347.03
626,574,2026-04-03,Mouse,3,34741.96
627,125,2026-04-16,Headphones,5,20296.33
628,666,2026-05-28,Monitor,5,17866.61
629,292,2026-07-19,Headphones,3,67482.69
630,794,2026-05-05,Monitor,4,89018.43
631,629,2026-04-08,Headphones,4,63355.36
632,890,2026-02-07,Mobile,3,42470.74
633,586,2026-06-06,Keyboard,1,8371.64
634,234,2026-03-29,Headphones,3,65474.8
635,274,2026-07-01,Mouse,4,27489.19
636,800,2026-04-24,Tablet,3,74915.6
637,989,2026-05-14,Keyboard,4,17148.15
638,24,2026-08-07,Mobile,2,66371.24
639,762,2026-08-29,Monitor,1,21451.86
640,106,2026-04-12,Laptop,1,93710.97
641,562,2026-05-02,Laptop,1,77207.9
642,784,2026-05-15,Laptop,1,26614.0
643,87,2026-02-09,Monitor,4,31282.38
644,756,2026-03-05,Headphones,4,62834.83
645,540,2026-02-03,Tablet,2,3342.84
646,366,2026-06-19,Tablet,3,86491.99
647,999,2026-04-30,Tablet,5,93518.33
648,456,2026-05-21,Mobile,5,18115.15
649,468,2026-06-02,Monitor,5,43780.25
650,655,2026-06-13,Mouse,3,90937.85
651,553,2026-05-04,Mobile,1,44465.1
652,423,2026-04-04,Headphones,2,30705.51
653,536,2026-01-01,Tablet,2,34716.55
654,548,2026-05-01,Laptop,4,94722.27
655,307,2026-05-03,Laptop,4,79897.5
656,237,2026-06-02,Tablet,1,55047.11
657,422,2026-02-18,Mouse,4,39777.83
658,733,2026-02-11,Monitor,4,82928.47
659,270,2026-02-26,Laptop,4,62719.64
660,783,2026-05-13,Tablet,5,80853.71
661,279,2026-06-25,Headphones,5,80976.46
662,193,2026-04-16,Tablet,1,18649.51
663,114,2026-03-16,Monitor,4,61964.08
664,718,2026-03-11,Mouse,4,19185.05
665,156,2026-01-05,Laptop,5,2702.02
666,105,2026-09-06,Headphones,3,12941.4
667,745,2026-04-23,Laptop,2,9474.6
668,506,2026-01-04,Mobile,3,42314.18
669,819,2026-07-21,Keyboard,3,46636.6
670,33,2026-07-22,Headphones,1,84432.86
671,150,2026-09-01,Laptop,3,77677.46
672,557,2026-01-19,Keyboard,2,19623.13
673,257,2026-08-04,Tablet,4,82911.08
674,998,2026-02-01,Tablet,2,38787.39
675,454,2026-09-07,Mobile,1,20318.4
676,790,2026-07-08,Laptop,5,66767.78
677,485,2026-02-23,Keyboard,3,93653.42
678,645,2026-02-10,Monitor,1,74600.1
679,534,2026-05-21,Laptop,3,48382.34
680,204,2026-03-18,Headphones,1,86433.94
681,997,2026-02-25,Laptop,2,63474.44
682,16,2026-03-25,Mobile,3,58677.34
683,809,2026-04-12,Mobile,1,96899.08
684,803,2026-05-29,Monitor,4,68996.45
685,381,2026-02-09,Tablet,1,25247.86
686,94,2026-05-08,Monitor,5,34173.0
687,778,2026-09-06,Monitor,1,6447.63
688,158,2026-06-15,Monitor,5,79250.89
689,500,2026-02-02,Mobile,3,98176.73
690,661,2026-07-21,Tablet,3,80649.77
691,751,2026-04-23,Mobile,1,69080.37
692,742,2026-04-02,Mobile,3,89916.97
693,724,2026-05-05,Keyboard,5,29824.1
694,502,2026-06-28,Mobile,5,19069.36
695,332,2026-03-31,Monitor,4,27894.78
696,614,2026-08-01,Tablet,5,16454.17
697,159,2026-05-16,Keyboard,3,82032.15
698,376,2026-05-19,Keyboard,1,77703.83
699,389,2026-05-10,Monitor,2,88351.77
700,878,2026-06-08,Headphones,5,24259.26
701,65,2026-07-04,Monitor,5,81995.45
702,537,2026-02-18,Monitor,4,76690.54
703,628,2026-02-09,Headphones,3,41275.55
704,114,2026-03-24,Laptop,5,66059.66
705,856,2026-01-12,Mobile,2,87412.53
706,110,2026-02-21,Keyboard,2,10325.98
707,658,2026-05-27,Tablet,4,65963.17
708,639,2026-05-15,Monitor,5,25965.88
709,227,2026-04-04,Mouse,1,1802.07
710,214,2026-08-24,Monitor,4,92876.17
711,82,2026-08-02,Keyboard,1,36412.14
712,961,2026-07-10,Keyboard,3,79527.83
713,844,2026-01-15,Mouse,3,53137.57
714,73,2026-07-07,Tablet,3,8254.57
715,984,2026-02-25,Mouse,1,10571.9
716,545,2026-03-01,Keyboard,2,19715.39
717,255,2026-06-18,Mouse,2,56063.14
718,426,2026-05-23,Monitor,1,76745.2
719,367,2026-05-28,Monitor,4,70403.77
720,905,2026-04-20,Laptop,2,79349.93
721,412,2026-05-21,Mouse,3,65924.42
722,615,2026-05-17,Keyboard,3,90297.25
723,333,2026-05-21,Tablet,3,41528.16
724,441,2026-06-12,Tablet,3,61037.13
725,559,2026-05-25,Mobile,4,76687.97
726,763,2026-08-26,Headphones,3,96184.35
727,983,2026-04-25,Keyboard,1,72768.17
728,611,2026-03-14,Laptop,5,13941.03
729,310,2026-08-16,Laptop,3,98447.25
730,877,2026-02-24,Headphones,1,77266.55
731,707,2026-08-30,Tablet,3,91951.65
732,570,2026-05-11,Mouse,5,15894.12
733,472,2026-01-10,Headphones,2,14271.62
734,911,2026-04-04,Mouse,2,23682.92
735,308,2026-07-27,Laptop,5,40279.93
736,223,2026-08-23,Monitor,1,72496.26
737,495,2026-07-22,Mobile,4,82657.67
738,720,2026-06-26,Mouse,1,59725.5
739,39,2026-03-18,Monitor,5,38463.84
740,58,2026-07-19,Tablet,3,35119.06
741,445,2026-07-29,Keyboard,1,87043.76
742,766,2026-02-28,Monitor,5,92900.99
743,797,2026-06-12,Monitor,4,5885.73
744,43,2026-05-15,Headphones,5,56708.83
745,515,2026-03-25,Monitor,2,15743.15
746,750,2026-06-22,Keyboard,4,75407.6
747,517,2026-05-28,Laptop,2,43477.6
748,404,2026-07-21,Mobile,2,33948.73
749,586,2026-05-02,Monitor,1,55041.16
750,88,2026-03-09,Keyboard,5,43731.87
751,134,2026-06-28,Tablet,2,48351.79
752,500,2026-02-20,Keyboard,5,20011.88
753,754,2026-06-07,Mouse,2,24610.35
754,796,2026-03-10,Keyboard,3,68631.43
755,92,2026-05-28,Laptop,4,42642.29
756,196,2026-03-31,Headphones,3,59590.78
757,789,2026-01-07,Headphones,2,98771.37
758,842,2026-06-07,Tablet,4,62506.62
759,46,2026-04-23,Tablet,2,20368.68
760,160,2026-04-06,Tablet,1,11680.99
761,249,2026-01-14,Mouse,2,86940.86
762,295,2026-07-29,Laptop,3,69532.62
763,313,2026-01-29,Keyboard,4,2763.44
764,758,2026-02-23,Mouse,2,20778.23
765,769,2026-05-14,Headphones,5,48561.12
766,145,2026-07-06,Monitor,1,37972.36
767,680,2026-08-20,Mouse,1,25917.91
768,291,2026-01-16,Mobile,5,27492.5
769,671,2026-04-30,Laptop,1,39170.19
770,679,2026-03-11,Tablet,3,86496.09
771,300,2026-01-05,Tablet,4,23501.28
772,521,2026-04-08,Monitor,1,90435.27
773,888,2026-05-05,Mouse,5,9258.06
774,513,2026-02-20,Keyboard,5,92671.82
775,41,2026-01-06,Mobile,5,30840.29
776,403,2026-05-06,Monitor,2,2328.04
777,361,2026-06-25,Headphones,3,24002.37
778,514,2026-09-08,Headphones,1,62766.34
779,397,2026-08-13,Tablet,1,94441.6
780,287,2026-08-31,Mobile,2,34507.72
781,673,2026-04-11,Mobile,1,73124.02
782,984,2026-05-14,Monitor,5,87333.8
783,233,2026-06-25,Keyboard,2,57503.41
784,994,2026-04-20,Headphones,5,33263.83
785,135,2026-05-19,Mobile,2,58312.55
786,820,2026-06-25,Mobile,2,31245.34
787,921,2026-06-30,Mouse,2,43291.4
788,1000,2026-08-21,Tablet,2,65795.06
789,940,2026-05-25,Mobile,3,7247.5
790,972,2026-05-17,Monitor,1,18821.45
791,901,2026-08-03,Mobile,1,76660.78
792,997,2026-08-14,Keyboard,4,30683.14
793,957,2026-07-10,Tablet,3,15619.73
794,110,2026-02-18,Mobile,2,3106.72
795,632,2026-06-06,Headphones,5,56920.79
796,611,2026-03-01,Mobile,2,68894.1
797,82,2026-04-02,Monitor,4,13841.62
798,620,2026-08-05,Keyboard,3,18805.66
799,504,2026-04-10,Keyboard,2,16796.74
800,34,2026-02-27,Keyboard,1,92580.79
801,423,2026-09-01,Mobile,2,75898.77
802,182,2026-01-17,Keyboard,5,49249.32
803,888,2026-03-25,Keyboard,2,43041.79
804,43,2026-07-18,Mouse,4,72159.99
805,627,2026-04-11,Monitor,5,59583.68
806,657,2026-05-15,Monitor,1,52304.58
807,468,2026-04-26,Tablet,1,87839.1
808,532,2026-03-04,Mouse,4,98391.15
809,572,2026-01-11,Keyboard,5,76633.41
810,51,2026-09-04,Mobile,3,44235.61
811,312,2026-08-15,Tablet,3,46404.04
812,302,2026-04-19,Mouse,1,69150.32
813,146,2026-08-20,Keyboard,4,9498.86
814,116,2026-05-09,Mobile,5,93815.32
815,560,2026-06-28,Mobile,4,41649.15
816,26,2026-04-26,Mobile,4,59236.39
817,918,2026-07-02,Mobile,4,9472.88
818,709,2026-03-24,Monitor,2,71978.28
819,94,2026-02-01,Laptop,4,63590.21
820,537,2026-01-22,Monitor,4,72823.95
821,524,2026-09-07,Mouse,2,38178.52
822,45,2026-04-08,Tablet,2,91269.15
823,893,2026-05-25,Monitor,2,16631.35
824,184,2026-02-07,Tablet,1,42248.38
825,748,2026-03-21,Tablet,4,29233.66
826,121,2026-02-16,Mobile,2,851.52
827,260,2026-07-15,Laptop,4,50013.95
828,557,2026-05-08,Tablet,1,60994.4
829,244,2026-05-07,Mobile,5,66117.33
830,420,2026-04-27,Keyboard,1,60321.05
831,251,2026-01-02,Mouse,3,62166.72
832,840,2026-05-23,Tablet,2,5367.42
833,57,2026-02-07,Monitor,3,4153.74
834,34,2026-08-07,Monitor,5,83882.44
835,340,2026-03-18,Laptop,1,11334.32
836,166,2026-02-15,Monitor,3,61303.43
837,717,2026-06-27,Mouse,5,78837.1
838,990,2026-02-15,Keyboard,5,36338.77
839,96,2026-01-10,Tablet,3,32620.77
840,389,2026-08-18,Tablet,1,75964.98
841,564,2026-08-04,Laptop,3,47346.28
842,712,2026-02-01,Tablet,3,33256.25
843,538,2026-04-16,Mobile,2,61399.35
844,586,2026-01-28,Monitor,5,98725.33
845,742,2026-05-04,Monitor,5,93422.22
846,295,2026-06-30,Keyboard,5,84855.9
847,539,2026-03-08,Mouse,5,35708.41
848,630,2026-02-03,Mouse,4,52210.73
849,510,2026-06-11,Keyboard,2,88424.54
850,726,2026-03-01,Headphones,2,657.3
851,477,2026-01-07,Monitor,1,73878.1
852,819,2026-02-23,Mouse,4,41697.09
853,359,2026-03-27,Mouse,2,1624.08
854,707,2026-02-21,Headphones,3,79124.45
855,308,2026-03-20,Mouse,5,32730.42
856,117,2026-01-02,Monitor,3,34465.48
857,583,2026-07-05,Mouse,1,83288.26
858,339,2026-02-19,Tablet,3,92266.84
859,939,2026-05-03,Keyboard,1,64742.4
860,160,2026-05-04,Monitor,4,89259.8
861,918,2026-05-18,Headphones,4,78506.91
862,951,2026-04-16,Monitor,1,83593.02
863,579,2026-03-18,Monitor,3,55740.13
864,214,2026-01-05,Mouse,3,80053.77
865,815,2026-08-16,Headphones,1,96976.52
866,861,2026-03-13,Laptop,3,98370.07
867,548,2026-06-10,Tablet,2,57312.67
868,192,2026-04-10,Mouse,1,86527.07
869,316,2026-07-12,Monitor,3,71129.08
870,424,2026-03-11,Laptop,4,87766.35
871,463,2026-04-06,Tablet,3,22005.92
872,180,2026-03-19,Laptop,3,78601.93
873,207,2026-07-19,Laptop,4,50846.47
874,495,2026-07-24,Mouse,2,19426.06
875,496,2026-08-25,Monitor,5,31380.69
876,147,2026-03-25,Tablet,1,82302.78
877,529,2026-08-29,Monitor,2,20916.12
878,471,2026-01-10,Keyboard,5,12025.68
879,955,2026-03-21,Laptop,5,87251.57
880,479,2026-03-27,Laptop,1,52297.48
881,764,2026-06-18,Headphones,1,57967.2
882,655,2026-03-21,Mobile,3,20455.27
883,284,2026-03-15,Mouse,3,77392.32
884,121,2026-06-21,Headphones,2,16170.85
885,16,2026-01-30,Mouse,5,51649.04
886,556,2026-02-22,Headphones,5,32189.25
887,966,2026-02-06,Monitor,3,57621.25
888,73,2026-02-13,Headphones,5,89278.19
889,455,2026-05-19,Laptop,2,3384.77
890,692,2026-08-20,Laptop,1,38668.16
891,437,2026-01-23,Keyboard,2,70615.42
892,607,2026-08-17,Monitor,4,61823.38
893,341,2026-03-21,Tablet,2,71433.42
894,829,2026-06-21,Mouse,1,97381.35
895,783,2026-07-13,Keyboard,5,13613.63
896,822,2026-07-28,Monitor,4,10177.67
897,701,2026-03-21,Monitor,4,47319.31
898,230,2026-08-31,Mobile,5,26176.25
899,402,2026-04-04,Mobile,3,78983.48
900,333,2026-08-14,Keyboard,4,3511.28
901,116,2026-05-02,Headphones,4,46393.55
902,290,2026-02-13,Tablet,3,60641.8
903,521,2026-02-02,Laptop,4,81846.51
904,110,2026-07-23,Headphones,5,65120.42
905,310,2026-07-22,Mouse,4,40381.24
906,245,2026-04-16,Mouse,2,55020.93
907,494,2026-09-07,Keyboard,1,34401.06
908,711,2026-07-28,Mouse,4,78539.24
909,581,2026-04-22,Tablet,3,54680.42
910,178,2026-03-02,Monitor,1,74067.02
911,588,2026-07-02,Tablet,4,11875.12
912,475,2026-06-02,Headphones,5,10216.56
913,181,2026-04-24,Headphones,4,7425.96
914,702,2026-01-28,Tablet,5,77248.67
915,336,2026-04-08,Keyboard,1,9508.03
916,143,2026-07-29,Mouse,1,75829.23
917,153,2026-06-19,Keyboard,5,29504.57
918,592,2026-06-07,Keyboard,2,20963.34
919,325,2026-08-13,Headphones,5,79537.49
920,312,2026-06-23,Keyboard,3,99033.78
921,9,2026-05-30,Mouse,5,40717.64
922,873,2026-02-02,Headphones,1,37237.68
923,992,2026-05-21,Laptop,1,70483.74
924,368,2026-07-30,Laptop,3,86635.12
925,443,2026-03-02,Monitor,5,39729.7
926,729,2026-03-23,Keyboard,4,38465.72
927,217,2026-05-20,Monitor,2,47749.71
928,569,2026-02-18,Keyboard,3,84076.29
929,296,2026-02-09,Tablet,2,13860.61
930,664,2026-01-19,Laptop,2,72273.25
931,674,2026-05-05,Keyboard,2,8924.01
932,826,2026-06-14,Keyboard,4,89411.46
933,619,2026-06-28,Keyboard,5,18389.84
934,435,2026-05-11,Mouse,4,38779.11
935,191,2026-02-27,Keyboard,5,1239.28
936,868,2026-05-08,Monitor,2,71356.93
937,421,2026-03-10,Mouse,5,37013.52
938,39,2026-09-08,Mouse,4,70635.81
939,595,2026-01-29,Keyboard,1,14637.7
940,540,2026-07-07,Tablet,3,46761.16
941,536,2026-01-21,Mouse,1,24900.51
942,760,2026-06-11,Monitor,1,68565.36
943,818,2026-05-19,Mouse,3,61497.39
944,352,2026-08-20,Mouse,1,47152.45
945,928,2026-05-12,Keyboard,5,73514.55
946,362,2026-04-18,Tablet,3,29276.24
947,712,2026-01-10,Mouse,3,72833.69
948,267,2026-05-25,Laptop,4,58025.04
949,53,2026-05-27,Monitor,3,80985.13
950,28,2026-06-09,Headphones,4,8709.76
951,79,2026-05-10,Tablet,3,25579.07
952,288,2026-06-07,Headphones,3,1913.2
953,619,2026-01-29,Mobile,5,74027.24
954,458,2026-06-18,Headphones,2,26494.63
955,242,2026-06-29,Keyboard,2,80037.51
956,34,2026-08-09,Headphones,1,96750.89
957,957,2026-06-02,Tablet,2,83842.61
958,423,2026-07-12,Tablet,4,24175.77
959,744,2026-04-23,Monitor,2,21480.25
960,863,2026-07-07,Headphones,1,64404.98
961,840,2026-07-13,Laptop,1,17176.24
962,488,2026-04-13,Headphones,4,74741.98
963,945,2026-07-12,Mouse,2,38290.18
964,400,2026-06-30,Keyboard,3,14942.41
965,446,2026-08-11,Laptop,3,92758.64
966,392,2026-04-25,Monitor,3,96195.39
967,979,2026-06-24,Laptop,1,91812.36
968,363,2026-06-13,Tablet,4,61243.31
969,879,2026-06-16,Headphones,3,27397.45
970,101,2026-07-25,Headphones,5,39419.8
971,692,2026-07-17,Monitor,2,73564.19
972,789,2026-05-31,Mobile,5,34071.96
973,185,2026-06-26,Headphones,5,1552.51
974,852,2026-01-03,Laptop,1,41419.25
975,107,2026-05-15,Monitor,4,35475.88
976,291,2026-07-05,Headphones,2,3887.16
977,95,2026-06-08,Laptop,5,65832.25
978,223,2026-08-02,Mouse,1,70953.47
979,89,2026-01-31,Tablet,5,13425.77
980,783,2026-06-18,Monitor,5,80418.41
981,918,2026-02-17,Laptop,2,25706.91
982,677,2026-04-30,Laptop,4,92308.19
983,788,2026-03-12,Keyboard,3,26104.99
984,76,2026-07-19,Headphones,1,38588.5
985,62,2026-03-27,Headphones,3,18203.98
986,504,2026-01-18,Mobile,5,39567.13
987,504,2026-06-15,Laptop,2,54292.9
988,224,2026-04-21,Mouse,1,91304.62
989,266,2026-07-03,Laptop,1,7755.49
990,746,2026-05-27,Headphones,4,2367.1
991,153,2026-05-08,Monitor,1,93322.93
992,400,2026-06-20,Headphones,2,70155.49
993,401,2026-08-20,Mouse,1,51780.61
994,790,2026-08-29,Keyboard,4,43887.74
995,746,2026-08-05,Tablet,1,54242.81
996,394,2026-01-01,Monitor,4,12559.76
997,958,2026-05-18,Headphones,3,68342.66
998,57,2026-04-13,Monitor,1,36852.86
999,984,2026-08-07,Headphones,1,84197.57
1000,785,2026-07-14,Headphones,2,18073.52
1001,991,2026-01-11,Keyboard,2,30237.6
1002,918,2026-04-10,Laptop,3,48907.1
1003,648,2026-08-15,Keyboard,2,14424.32
1004,26,2026-02-19,Monitor,5,24229.27
1005,65,2026-04-10,Tablet,5,64519.06
1006,547,2026-05-08,Tablet,4,96674.13
1007,38,2026-01-05,Headphones,1,34103.0
1008,44,2026-07-04,Keyboard,1,21561.98
1009,684,2026-06-17,Mouse,4,94038.93
1010,896,2026-08-11,Mouse,2,74234.62
1011,948,2026-03-01,Laptop,1,73678.24
1012,670,2026-05-06,Laptop,4,90764.3
1013,47,2026-06-08,Mobile,2,1929.34
1014,52,2026-06-11,Headphones,1,45890.37
1015,856,2026-02-13,Mouse,1,81871.12
1016,117,2026-01-28,Keyboard,5,80017.93
1017,65,2026-02-26,Tablet,2,42908.04
1018,856,2026-07-27,Monitor,4,32761.38
1019,701,2026-09-07,Mouse,5,14164.28
1020,988,2026-08-03,Tablet,2,76540.67
1021,178,2026-06-01,Headphones,1,12514.18
1022,776,2026-02-06,Keyboard,2,69781.43
1023,169,2026-05-22,Keyboard,2,92604.72
1024,137,2026-01-11,Laptop,5,37925.04
1025,17,2026-02-10,Keyboard,1,1131.78
1026,949,2026-02-15,Laptop,5,88748.06
1027,711,2026-04-17,Tablet,4,69389.65
1028,147,2026-02-22,Monitor,3,52547.14
1029,245,2026-04-16,Mobile,5,69321.52
1030,185,2026-06-02,Monitor,4,61398.96
1031,643,2026-01-23,Tablet,3,35111.43
1032,572,2026-01-02,Mobile,2,12192.03
1033,98,2026-05-16,Mouse,3,86341.74
1034,520,2026-05-19,Mobile,4,77147.96
1035,214,2026-06-18,Headphones,1,19775.04
1036,153,2026-07-23,Monitor,4,50002.73
1037,687,2026-02-10,Laptop,1,64663.65
1038,215,2026-03-14,Keyboard,3,33762.32
1039,912,2026-07-26,Tablet,4,4810.09
1040,54,2026-07-09,Mouse,2,16225.54
1041,497,2026-01-08,Mouse,1,7550.52
1042,739,2026-03-02,Keyboard,5,58186.3
1043,204,2026-04-18,Monitor,3,23391.29
1044,334,2026-01-29,Mobile,1,24093.28
1045,891,2026-04-16,Mobile,4,89190.83
1046,483,2026-01-19,Mouse,4,5906.77
1047,149,2026-04-22,Mobile,5,45771.59
1048,383,2026-04-10,Mobile,4,72122.21
1049,368,2026-06-11,Headphones,2,33921.19
1050,709,2026-01-09,Mouse,1,28420.11
1051,873,2026-01-29,Keyboard,4,42113.27
1052,352,2026-07-14,Mobile,3,60561.78
1053,814,2026-07-22,Monitor,5,90605.02
1054,994,2026-05-28,Mouse,2,9104.2
1055,535,2026-08-08,Keyboard,2,59362.3
1056,474,2026-08-03,Headphones,1,73136.77
1057,894,2026-07-08,Mobile,2,33065.95
1058,228,2026-05-29,Mouse,2,91418.59
1059,6,2026-08-18,Keyboard,1,4485.84
1060,752,2026-05-01,Tablet,5,3845.25
1061,404,2026-05-16,Keyboard,1,45517.92
1062,86,2026-03-03,Mouse,1,69469.4
1063,973,2026-04-15,Mobile,2,36161.37
1064,664,2026-03-03,Laptop,1,48238.4
1065,166,2026-03-20,Monitor,4,85863.25
1066,598,2026-07-11,Laptop,4,46644.18
1067,896,2026-02-05,Monitor,4,18902.1
1068,380,2026-08-12,Monitor,4,70538.26
1069,882,2026-01-01,Monitor,1,38795.49
1070,341,2026-06-26,Mouse,1,30010.7
1071,277,2026-07-12,Monitor,5,54472.29
1072,213,2026-07-23,Tablet,1,62235.29
1073,754,2026-03-27,Laptop,5,94559.56
1074,373,2026-06-22,Laptop,1,38604.02
1075,634,2026-04-30,Laptop,3,36960.08
1076,573,2026-06-15,Monitor,1,56295.44
1077,210,2026-07-18,Mobile,3,24243.95
1078,665,2026-01-30,Keyboard,5,87177.57
1079,215,2026-06-29,Tablet,2,32386.15
1080,274,2026-08-18,Mouse,4,28075.96
1081,382,2026-01-17,Headphones,4,48879.58
1082,850,2026-05-15,Laptop,4,71127.62
1083,846,2026-06-23,Mouse,3,45471.85
1084,820,2026-04-05,Monitor,1,19241.18
1085,469,2026-08-15,Laptop,1,39372.91
1086,296,2026-02-15,Laptop,1,16894.24
1087,714,2026-01-29,Mobile,4,15474.56
1088,534,2026-02-22,Monitor,1,29670.36
1089,699,2026-09-06,Mouse,2,47653.54
1090,455,2026-04-18,Monitor,1,29505.92
1091,23,2026-01-17,Tablet,2,83577.28
1092,661,2026-05-14,Headphones,4,58081.11
1093,662,2026-06-17,Tablet,3,48871.76
1094,714,2026-06-20,Mouse,5,44803.0
1095,581,2026-03-19,Mobile,3,17587.84
1096,233,2026-03-08,Keyboard,3,97087.04
1097,866,2026-07-17,Laptop,2,35635.53
1098,980,2026-04-27,Mobile,5,92451.1
1099,549,2026-07-02,Headphones,2,97334.01
1100,726,2026-08-03,Monitor,2,16544.84
1101,43,2026-01-30,Headphones,5,13084.11
1102,379,2026-03-08,Mobile,2,56467.48
1103,682,2026-01-09,Headphones,3,15220.45
1104,553,2026-04-25,Mobile,5,30505.2
1105,26,2026-08-24,Keyboard,4,76967.56
1106,470,2026-08-31,Headphones,2,927.28
1107,560,2026-07-09,Mouse,3,64900.77
1108,486,2026-03-17,Headphones,5,66855.33
1109,579,2026-07-24,Monitor,4,34199.1
1110,750,2026-01-29,Keyboard,1,14372.62
1111,120,2026-05-22,Headphones,1,40462.18
1112,226,2026-08-04,Keyboard,3,9701.87
1113,623,2026-01-15,Monitor,2,58551.43
1114,801,2026-02-26,Tablet,3,19973.71
1115,552,2026-01-22,Tablet,4,67867.81
1116,90,2026-09-03,Mouse,4,19847.78
1117,618,2026-03-23,Mouse,5,94368.52
1118,683,2026-08-21,Headphones,4,15220.62
1119,438,2026-08-07,Headphones,4,37596.7
1120,354,2026-03-14,Headphones,3,97763.6
1121,575,2026-08-12,Laptop,2,72921.41
1122,760,2026-04-24,Keyboard,4,29219.08
1123,746,2026-07-26,Keyboard,4,14386.98
1124,613,2026-05-31,Laptop,2,21174.49
1125,889,2026-05-02,Mouse,3,7078.52
1126,605,2026-09-03,Tablet,4,9300.6
1127,655,2026-04-15,Headphones,4,17901.85
1128,728,2026-04-29,Mouse,2,20326.13
1129,391,2026-08-02,Headphones,5,49313.27
1130,847,2026-07-30,Headphones,5,30739.48
1131,758,2026-05-24,Keyboard,2,3170.58
1132,158,2026-01-01,Headphones,3,95624.65
1133,652,2026-08-02,Keyboard,1,65554.39
1134,295,2026-08-17,Keyboard,2,49442.71
1135,661,2026-06-26,Mobile,1,12375.79
1136,505,2026-03-12,Laptop,5,74683.77
1137,493,2026-05-29,Mouse,4,86900.42
1138,703,2026-06-10,Keyboard,1,37633.62
1139,590,2026-07-07,Laptop,3,16703.3
1140,150,2026-01-15,Headphones,4,87892.57
1141,366,2026-02-04,Mobile,1,27630.7
1142,652,2026-04-18,Headphones,1,29340.69
1143,655,2026-05-16,Laptop,5,19784.58
1144,188,2026-06-10,Tablet,1,60076.87
1145,557,2026-02-12,Headphones,3,82768.79
1146,820,2026-06-25,Headphones,3,68701.65
1147,372,2026-06-26,Laptop,5,58214.64
1148,148,2026-07-30,Laptop,2,52057.99
1149,798,2026-04-06,Keyboard,4,34361.15
1150,167,2026-08-22,Laptop,2,15878.21
1151,852,2026-02-26,Mobile,5,61536.12
1152,976,2026-08-01,Mouse,5,71398.44
1153,775,2026-06-29,Tablet,1,42025.95
1154,79,2026-08-23,Laptop,2,92379.27
1155,357,2026-05-03,Headphones,3,14331.89
1156,912,2026-04-24,Mouse,5,76477.16
1157,177,2026-03-29,Monitor,3,3361.57
1158,122,2026-07-28,Mobile,2,85753.11
1159,705,2026-02-06,Mobile,3,12971.75
1160,81,2026-02-03,Keyboard,1,8234.66
1161,496,2026-07-18,Tablet,4,4730.44
1162,34,2026-01-28,Tablet,5,59521.03
1163,122,2026-05-01,Headphones,1,7091.61
1164,11,2026-06-20,Tablet,1,78345.9
1165,617,2026-08-24,Mobile,5,90166.9
1166,687,2026-02-17,Headphones,1,9532.54
1167,765,2026-08-05,Headphones,5,35109.74
1168,876,2026-02-11,Mouse,5,24561.34
1169,70,2026-05-26,Laptop,5,76442.78
1170,223,2026-05-16,Monitor,2,96444.25
1171,924,2026-02-13,Tablet,5,930.73
1172,102,2026-07-05,Mobile,5,85204.03
1173,376,2026-05-02,Monitor,5,18920.02
1174,981,2026-06-22,Laptop,2,83556.84
1175,435,2026-04-08,Mobile,5,23141.64
1176,780,2026-01-29,Headphones,1,46857.22
1177,140,2026-05-14,Keyboard,3,70620.73
1178,740,2026-05-23,Laptop,1,33147.48
1179,395,2026-01-30,Headphones,4,60238.76
1180,704,2026-03-21,Tablet,4,22974.41
1181,298,2026-04-15,Tablet,4,19284.11
1182,917,2026-01-18,Tablet,4,93938.66
1183,184,2026-04-05,Laptop,4,67373.5
1184,449,2026-04-12,Mouse,1,12362.18
1185,411,2026-04-12,Monitor,5,97768.3
1186,948,2026-07-09,Mobile,1,36689.14
1187,347,2026-02-20,Mobile,5,84480.94
1188,126,2026-04-14,Mobile,4,72657.45
1189,784,2026-03-13,Monitor,5,59568.17
1190,809,2026-07-13,Tablet,4,35931.68
1191,618,2026-06-20,Keyboard,4,51385.74
1192,787,2026-02-07,Keyboard,1,12657.91
1193,510,2026-05-06,Mobile,2,3457.49
1194,55,2026-07-08,Tablet,1,50064.42
1195,996,2026-01-07,Mobile,4,60656.1
1196,157,2026-03-25,Headphones,5,62511.65
1197,79,2026-07-14,Monitor,5,76873.42
1198,478,2026-07-22,Mobile,3,66378.28
1199,517,2026-05-06,Headphones,5,34689.76
1200,554,2026-08-09,Mouse,1,95281.76
1201,441,2026-01-09,Laptop,4,45286.49
1202,386,2026-08-07,Keyboard,4,4080.12
1203,571,2026-02-15,Monitor,3,88527.67
1204,504,2026-02-12,Keyboard,2,31589.74
1205,500,2026-04-10,Tablet,1,57101.09
1206,676,2026-05-06,Mouse,5,57434.92
1207,576,2026-05-02,Tablet,2,50915.16
1208,270,2026-04-11,Keyboard,5,97101.64
1209,693,2026-06-07,Headphones,3,32388.04
1210,605,2026-01-08,Laptop,2,83774.95
1211,829,2026-03-31,Monitor,5,3176.53
1212,641,2026-08-17,Headphones,4,10186.33
1213,366,2026-03-30,Keyboard,3,6116.7
1214,254,2026-03-04,Mobile,3,59456.9
1215,705,2026-08-22,Laptop,3,11889.89
1216,21,2026-02-13,Mouse,3,4219.07
1217,885,2026-06-18,Keyboard,5,51718.6
1218,274,2026-04-18,Laptop,4,59004.93
1219,387,2026-03-23,Mouse,4,32580.93
1220,828,2026-01-26,Keyboard,1,69240.96
1221,345,2026-02-22,Keyboard,5,81239.99
1222,348,2026-06-20,Mobile,5,30302.33
1223,447,2026-09-06,Mobile,4,63726.7
1224,807,2026-09-07,Laptop,5,21800.97
1225,49,2026-03-09,Headphones,5,40501.72
1226,640,2026-02-27,Monitor,1,71911.83
1227,98,2026-05-29,Mouse,3,27699.81
1228,821,2026-05-26,Mouse,4,42997.04
1229,815,2026-03-30,Laptop,3,50711.63
1230,444,2026-03-18,Monitor,5,31678.62
1231,412,2026-04-17,Headphones,5,51779.24
1232,782,2026-06-21,Mouse,2,88149.21
1233,721,2026-06-10,Mouse,2,57895.91
1234,677,2026-02-24,Tablet,4,27159.63
1235,546,2026-06-13,Tablet,5,85351.08
1236,445,2026-08-21,Mouse,1,52465.82
1237,474,2026-04-04,Mobile,2,15472.03
1238,784,2026-06-25,Headphones,4,41320.9
1239,851,2026-08-09,Laptop,2,84673.71
1240,844,2026-03-10,Headphones,2,26016.44
1241,242,2026-06-03,Keyboard,2,11799.08
1242,29,2026-02-19,Mobile,3,46683.89
1243,447,2026-05-24,Keyboard,1,20598.06
1244,140,2026-03-11,Laptop,3,79072.15
1245,675,2026-03-13,Mouse,2,64607.24
1246,987,2026-01-11,Monitor,4,78332.26
1247,881,2026-01-15,Laptop,3,60359.17
1248,66,2026-08-10,Keyboard,3,67331.37
1249,93,2026-08-15,Keyboard,2,23986.09
1250,753,2026-05-27,Mouse,1,52434.78
1251,595,2026-08-01,Tablet,5,25554.9
1252,93,2026-08-15,Mobile,5,12666.54
1253,321,2026-07-26,Headphones,5,73855.02
1254,767,2026-07-26,Monitor,2,93582.26
1255,148,2026-02-25,Laptop,2,21803.81
1256,451,2026-03-12,Keyboard,3,86358.54
1257,503,2026-01-15,Mouse,3,70111.96
1258,325,2026-01-29,Mouse,4,47747.99
1259,987,2026-03-05,Headphones,2,36618.3
1260,377,2026-07-03,Tablet,3,2596.88
1261,927,2026-09-05,Mouse,1,84226.56
1262,819,2026-06-19,Laptop,2,25671.8
1263,317,2026-04-09,Monitor,3,90364.13
1264,125,2026-06-25,Mouse,2,85835.89
1265,9,2026-04-10,Keyboard,3,30438.37
1266,843,2026-08-28,Tablet,2,30093.58
1267,912,2026-08-09,Mobile,4,63319.59
1268,832,2026-08-14,Tablet,4,79037.08
1269,888,2026-03-12,Laptop,4,47373.58
1270,949,2026-04-16,Tablet,3,71879.91
1271,941,2026-08-13,Tablet,1,82527.89
1272,268,2026-06-28,Mouse,1,35509.71
1273,747,2026-06-04,Tablet,5,73909.66
1274,712,2026-04-27,Laptop,1,64316.59
1275,646,2026-02-17,Keyboard,2,806.04
1276,644,2026-02-21,Headphones,3,57793.03
1277,162,2026-01-29,Mobile,5,71499.61
1278,851,2026-07-16,Monitor,2,84772.56
1279,421,2026-06-25,Tablet,3,45423.24
1280,753,2026-08-12,Mobile,3,17761.16
1281,847,2026-06-01,Headphones,3,20267.04
1282,377,2026-04-17,Mobile,4,87700.81
1283,855,2026-08-30,Mouse,2,2563.1
1284,946,2026-01-06,Mouse,5,62849.42
1285,92,2026-08-21,Keyboard,2,26547.42
1286,173,2026-08-07,Laptop,4,61991.4
1287,267,2026-06-03,Mobile,1,95824.27
1288,970,2026-02-13,Mouse,1,1904.43
1289,446,2026-05-15,Tablet,4,82812.12
1290,122,2026-05-07,Mobile,2,19459.14
1291,833,2026-08-09,Tablet,3,29152.22
1292,392,2026-05-07,Mobile,4,85705.6
1293,221,2026-06-03,Tablet,3,72807.45
1294,429,2026-02-18,Mobile,4,79350.12
1295,298,2026-01-08,Headphones,2,61959.18
1296,255,2026-08-21,Headphones,5,68584.58
1297,88,2026-04-28,Laptop,4,13753.89
1298,998,2026-03-24,Monitor,4,68841.82
1299,393,2026-07-02,Monitor,4,73742.36
1300,75,2026-03-07,Laptop,5,6345.86
1301,954,2026-03-27,Mobile,4,90868.54
1302,962,2026-06-05,Monitor,5,71101.81
1303,47,2026-07-27,Laptop,3,50701.93
1304,310,2026-04-08,Keyboard,3,13657.71
1305,573,2026-08-17,Laptop,5,18347.54
1306,516,2026-02-13,Keyboard,3,87850.73
1307,92,2026-02-03,Headphones,5,43576.5
1308,120,2026-03-08,Headphones,1,97862.4
1309,893,2026-05-08,Tablet,3,74908.43
1310,441,2026-08-26,Headphones,3,61486.69
1311,949,2026-07-14,Headphones,5,31644.53
1312,169,2026-08-17,Headphones,4,76485.7
1313,570,2026-02-08,Tablet,4,5795.61
1314,56,2026-02-08,Mobile,2,4068.29
1315,168,2026-03-08,Monitor,4,43924.77
1316,950,2026-08-18,Keyboard,1,44431.21
1317,575,2026-07-01,Keyboard,4,49552.36
1318,738,2026-08-05,Tablet,2,12803.6
1319,209,2026-01-24,Tablet,3,18475.17
1320,768,2026-02-13,Mouse,3,56543.12
1321,600,2026-06-19,Mobile,5,99801.45
1322,539,2026-01-02,Tablet,5,18466.6
1323,79,2026-08-24,Mobile,4,67852.4
1324,337,2026-08-16,Laptop,3,68290.58
1325,125,2026-06-24,Keyboard,3,59238.68
1326,109,2026-09-01,Tablet,3,15800.66
1327,472,2026-01-21,Tablet,4,45678.52
1328,276,2026-09-02,Mouse,1,33277.98
1329,672,2026-01-12,Mouse,4,32829.09
1330,752,2026-07-07,Tablet,5,13367.36
1331,50,2026-08-09,Tablet,3,32655.5
1332,762,2026-01-15,Laptop,5,95214.07
1333,95,2026-04-08,Keyboard,3,18212.07
1334,790,2026-09-05,Tablet,4,9374.24
1335,214,2026-08-07,Mobile,4,78059.51
1336,663,2026-03-14,Tablet,2,12499.9
1337,821,2026-05-06,Keyboard,3,90421.56
1338,135,2026-06-04,Headphones,1,83289.26
1339,205,2026-05-12,Keyboard,4,88598.6
1340,275,2026-05-02,Mouse,5,42595.52
1341,433,2026-07-13,Tablet,3,61579.84
1342,646,2026-04-22,Keyboard,1,4523.59
1343,997,2026-03-29,Keyboard,2,64937.26
1344,159,2026-07-02,Keyboard,5,63141.18
1345,86,2026-05-15,Headphones,4,44016.87
1346,821,2026-08-21,Keyboard,3,15286.35
1347,701,2026-02-02,Headphones,2,52547.66
1348,583,2026-03-17,Laptop,5,8114.99
1349,526,2026-01-12,Laptop,5,42778.9
1350,476,2026-01-25,Monitor,5,81376.06
1351,261,2026-04-01,Mouse,1,76980.35
1352,117,2026-01-05,Monitor,4,18365.44
1353,864,2026-02-16,Keyboard,1,8787.41
1354,722,2026-08-13,Headphones,3,58927.23
1355,776,2026-04-27,Monitor,4,62569.13
1356,350,2026-03-09,Tablet,2,21501.3
1357,765,2026-01-21,Mouse,3,87225.77
1358,445,2026-01-28,Mouse,1,1081.78
1359,14,2026-01-30,Mobile,4,46286.22
1360,890,2026-04-14,Monitor,5,72728.18
1361,634,2026-03-19,Tablet,5,36392.51
1362,987,2026-06-22,Monitor,4,80561.75
1363,129,2026-01-23,Mobile,1,19484.81
1364,17,2026-07-28,Monitor,2,85971.7
1365,493,2026-02-23,Monitor,2,65149.11
1366,863,2026-04-22,Monitor,5,19495.99
1367,789,2026-03-19,Keyboard,2,47661.91
1368,120,2026-01-06,Mobile,2,74008.73
1369,987,2026-04-24,Keyboard,4,2452.96
1370,600,2026-04-26,Mobile,2,29835.72
1371,854,2026-08-01,Keyboard,1,33718.08
1372,646,2026-01-27,Tablet,4,97958.95
1373,508,2026-08-06,Monitor,5,59786.04
1374,298,2026-05-22,Laptop,4,40268.2
1375,606,2026-05-12,Monitor,5,93560.45
1376,837,2026-08-20,Tablet,4,23574.63
1377,541,2026-01-16,Laptop,4,57852.13
1378,66,2026-05-22,Headphones,4,88969.49
1379,507,2026-01-30,Mouse,3,45108.38
1380,22,2026-04-22,Mobile,3,72757.81
1381,353,2026-05-01,Keyboard,2,51009.78
1382,931,2026-05-31,Monitor,3,92212.69
1383,863,2026-08-07,Monitor,4,13550.28
1384,741,2026-03-17,Monitor,4,96000.44
1385,964,2026-08-02,Monitor,3,79699.28
1386,995,2026-07-24,Tablet,2,62373.32
1387,708,2026-03-14,Monitor,1,66872.12
1388,178,2026-02-03,Mobile,2,60772.03
1389,813,2026-01-26,Keyboard,4,30713.36
1390,571,2026-02-23,Laptop,1,36199.28
1391,366,2026-03-08,Monitor,2,17884.12
1392,916,2026-08-09,Mouse,1,80778.15
1393,441,2026-03-28,Laptop,5,23055.68
1394,230,2026-05-24,Keyboard,3,99369.45
1395,364,2026-07-20,Tablet,1,77124.44
1396,274,2026-05-23,Mobile,5,60626.8
1397,724,2026-01-27,Laptop,4,79999.2
1398,862,2026-09-04,Tablet,1,97478.65
1399,626,2026-07-20,Mouse,1,82449.22
1400,520,2026-01-11,Laptop,2,63177.65
1401,211,2026-08-11,Headphones,2,72970.75
1402,453,2026-07-01,Tablet,5,50089.9
1403,102,2026-08-11,Mobile,3,33793.45
1404,126,2026-02-05,Tablet,2,44191.29
1405,788,2026-04-17,Tablet,1,24908.95
1406,486,2026-07-27,Headphones,3,50749.76
1407,273,2026-01-22,Headphones,4,36384.02
1408,252,2026-06-20,Mobile,5,42461.36
1409,142,2026-02-28,Tablet,4,41634.24
1410,920,2026-04-15,Keyboard,5,79563.43
1411,967,2026-04-03,Laptop,4,14985.64
1412,735,2026-01-03,Tablet,5,94392.46
1413,347,2026-01-22,Headphones,4,98203.52
1414,445,2026-02-12,Laptop,4,76039.64
1415,945,2026-06-19,Monitor,2,90299.86
1416,647,2026-01-15,Monitor,5,97279.78
1417,412,2026-04-18,Monitor,5,87417.86
1418,761,2026-07-04,Headphones,3,1286.27
1419,922,2026-03-13,Mouse,5,92084.83
1420,414,2026-06-29,Keyboard,2,88814.19
1421,808,2026-06-09,Mouse,4,69898.36
1422,832,2026-08-16,Tablet,4,77652.33
1423,309,2026-08-14,Laptop,1,53974.63
1424,743,2026-04-10,Monitor,2,52286.74
1425,291,2026-05-19,Mobile,1,51411.32
1426,534,2026-03-21,Headphones,2,2830.46
1427,816,2026-08-16,Mouse,5,26239.67
1428,793,2026-08-02,Headphones,4,98701.99
1429,750,2026-01-29,Laptop,3,26345.77
1430,363,2026-05-10,Laptop,1,75777.71
1431,128,2026-08-29,Keyboard,3,57457.31
1432,465,2026-01-02,Headphones,2,80636.06
1433,580,2026-05-29,Monitor,5,84527.33
1434,359,2026-03-01,Headphones,3,66858.78
1435,733,2026-07-28,Mouse,2,71577.92
1436,756,2026-05-14,Mobile,1,33120.77
1437,198,2026-05-30,Tablet,3,45703.8
1438,729,2026-02-07,Keyboard,4,8653.74
1439,436,2026-01-16,Mobile,4,21871.05
1440,379,2026-01-20,Monitor,5,40573.99
1441,532,2026-05-24,Tablet,4,87265.47
1442,511,2026-05-30,Monitor,4,99652.92
1443,954,2026-06-26,Keyboard,4,82469.28
1444,518,2026-02-06,Mobile,4,71259.48
1445,992,2026-02-03,Monitor,5,86395.53
1446,712,2026-01-31,Mobile,4,47598.88
1447,161,2026-07-11,Mouse,3,92208.89
1448,617,2026-01-31,Tablet,4,11478.45
1449,586,2026-04-05,Headphones,1,52516.36
1450,381,2026-01-31,Headphones,3,30674.38
1451,29,2026-05-05,Tablet,2,14642.91
1452,432,2026-05-31,Laptop,3,88961.19
1453,188,2026-02-25,Tablet,4,707.53
1454,358,2026-05-21,Laptop,1,42048.73
1455,318,2026-05-27,Mouse,4,90078.59
1456,387,2026-07-20,Keyboard,5,13714.56
1457,517,2026-02-05,Monitor,4,76287.04
1458,460,2026-06-20,Mobile,3,9386.84
1459,681,2026-06-09,Mouse,4,39029.89
1460,405,2026-08-19,Headphones,5,5059.06
1461,912,2026-06-21,Keyboard,3,64768.69
1462,170,2026-08-10,Monitor,1,57413.48
1463,791,2026-07-23,Monitor,3,56323.91
1464,660,2026-02-01,Mouse,1,19646.46
1465,555,2026-06-08,Mouse,1,95750.63
1466,194,2026-05-14,Tablet,4,50512.56
1467,124,2026-01-05,Monitor,5,18384.47
1468,282,2026-01-05,Tablet,2,24906.03
1469,860,2026-06-30,Mouse,4,8922.47
1470,622,2026-05-17,Headphones,4,59094.86
1471,883,2026-05-06,Laptop,3,43983.23
1472,25,2026-04-17,Tablet,5,32079.55
1473,94,2026-03-07,Laptop,1,54407.04
1474,148,2026-03-15,Mobile,3,76946.32
1475,315,2026-02-09,Keyboard,2,6361.92
1476,334,2026-09-04,Mobile,1,71473.41
1477,400,2026-03-18,Laptop,3,14674.82
1478,332,2026-08-17,Headphones,4,94186.96
1479,124,2026-08-19,Laptop,2,24342.48
1480,601,2026-06-02,Mobile,4,51107.82
1481,395,2026-05-10,Laptop,3,6532.88
1482,567,2026-04-29,Keyboard,1,48675.07
1483,649,2026-04-15,Mobile,1,27281.39
1484,601,2026-09-04,Monitor,1,25008.45
1485,668,2026-05-23,Tablet,2,30808.98
1486,457,2026-04-15,Laptop,5,20743.96
1487,146,2026-09-05,Headphones,5,98538.22
1488,252,2026-07-20,Mouse,4,96154.53
1489,463,2026-05-23,Laptop,1,81358.05
1490,850,2026-09-04,Mouse,3,65479.36
1491,1,2026-02-12,Laptop,4,27693.64
1492,860,2026-03-06,Monitor,4,99924.57
1493,648,2026-08-04,Mobile,5,84148.08
1494,47,2026-03-14,Mobile,5,56526.62
1495,92,2026-03-18,Keyboard,1,83134.56
1496,570,2026-07-05,Headphones,4,21479.59
1497,981,2026-05-10,Tablet,3,88451.2
1498,351,2026-08-31,Monitor,3,97974.21
1499,464,2026-07-01,Headphones,2,66396.56
1500,350,2026-03-24,Mobile,4,95919.77
1501,17,2026-03-26,Monitor,2,64821.11
1502,624,2026-01-01,Keyboard,1,90193.78
1503,178,2026-06-22,Keyboard,5,89579.18
1504,501,2026-06-30,Tablet,4,54044.08
1505,898,2026-07-21,Monitor,1,54095.61
1506,853,2026-08-17,Tablet,4,67388.47
1507,996,2026-04-01,Tablet,4,82832.95
1508,397,2026-04-02,Mobile,1,12914.0
1509,959,2026-04-05,Mobile,4,1431.65
1510,21,2026-07-10,Tablet,3,68215.16
1511,367,2026-07-01,Mobile,1,81719.94
1512,311,2026-06-10,Tablet,2,23808.67
1513,991,2026-05-07,Headphones,1,28435.26
1514,721,2026-08-20,Monitor,5,21304.09
1515,841,2026-02-20,Monitor,4,11539.18
1516,583,2026-03-13,Mouse,4,17462.47
1517,676,2026-02-19,Monitor,5,67381.47
1518,579,2026-06-04,Mobile,1,59022.38
1519,67,2026-07-10,Mobile,3,93389.56
1520,234,2026-08-08,Mouse,3,19589.23
1521,24,2026-06-23,Monitor,5,61638.43
1522,574,2026-06-24,Keyboard,1,93820.09
1523,690,2026-06-14,Monitor,1,85459.05
1524,443,2026-03-24,Tablet,4,27766.54
1525,531,2026-06-24,Keyboard,4,36466.45
1526,45,2026-07-14,Monitor,2,5172.98
1527,431,2026-08-24,Mouse,4,31966.08
1528,200,2026-04-11,Headphones,1,88069.8
1529,26,2026-07-26,Monitor,2,97820.51
1530,981,2026-04-19,Laptop,2,20089.24
1531,319,2026-03-26,Laptop,1,3273.34
1532,828,2026-04-21,Laptop,5,79823.48
1533,343,2026-08-28,Tablet,3,25091.78
1534,245,2026-05-02,Headphones,1,82252.56
1535,814,2026-05-14,Mobile,1,77687.07
1536,450,2026-06-08,Tablet,1,62722.2
1537,128,2026-05-29,Laptop,1,91713.08
1538,321,2026-04-07,Tablet,1,78373.3
1539,942,2026-01-16,Tablet,4,5951.49
1540,642,2026-06-06,Keyboard,1,10631.84
1541,573,2026-01-15,Laptop,3,85067.97
1542,99,2026-04-13,Mouse,4,23694.64
1543,807,2026-06-03,Monitor,5,1555.35
1544,476,2026-04-09,Tablet,4,88053.85
1545,104,2026-06-08,Headphones,1,45680.64
1546,602,2026-03-26,Mobile,1,10717.62
1547,731,2026-06-02,Laptop,5,79046.93
1548,927,2026-02-19,Mouse,2,63917.69
1549,364,2026-03-07,Keyboard,4,72599.99
1550,191,2026-04-24,Mobile,2,79804.05
1551,131,2026-01-16,Headphones,5,43866.89
1552,668,2026-09-03,Tablet,3,31463.23
1553,555,2026-08-15,Tablet,2,15167.2
1554,618,2026-03-21,Headphones,3,37198.58
1555,531,2026-01-03,Mouse,2,6203.11
1556,839,2026-05-10,Tablet,5,85940.87
1557,353,2026-04-19,Mobile,2,64235.2
1558,805,2026-02-21,Laptop,3,19340.88
1559,712,2026-05-02,Monitor,4,60176.35
1560,873,2026-03-26,Mouse,5,96324.96
1561,307,2026-06-07,Keyboard,3,16646.86
1562,898,2026-04-27,Tablet,1,49845.1
1563,4,2026-08-24,Monitor,2,69475.45
1564,639,2026-04-30,Mobile,2,48334.25
1565,976,2026-07-16,Tablet,3,80823.5
1566,211,2026-04-07,Keyboard,2,82695.39
1567,372,2026-01-02,Laptop,1,36109.72
1568,118,2026-05-23,Mobile,3,44320.61
1569,600,2026-06-11,Tablet,3,4868.53
1570,204,2026-01-08,Mobile,3,17827.59
1571,269,2026-08-15,Monitor,2,34311.84
1572,252,2026-05-22,Mobile,2,2638.46
1573,269,2026-08-04,Laptop,1,83228.85
1574,389,2026-02-05,Monitor,1,34169.14
1575,313,2026-02-23,Keyboard,2,37279.25
1576,677,2026-04-06,Mobile,5,97721.63
1577,903,2026-06-09,Keyboard,1,12290.09
1578,947,2026-08-14,Mobile,2,19572.29
1579,712,2026-04-07,Headphones,3,60155.14
1580,652,2026-09-08,Mobile,1,76426.7
1581,194,2026-05-31,Tablet,5,29771.18
1582,336,2026-02-08,Mobile,1,63131.18
1583,894,2026-03-13,Mobile,5,96854.24
1584,501,2026-08-15,Mobile,1,78574.19
1585,680,2026-07-22,Mouse,1,17159.64
1586,770,2026-04-10,Monitor,5,37739.48
1587,476,2026-05-13,Mobile,3,71392.44
1588,712,2026-05-15,Keyboard,4,47638.94
1589,411,2026-05-29,Monitor,5,65148.86
1590,225,2026-02-23,Mobile,4,86385.24
1591,224,2026-04-12,Headphones,4,88926.54
1592,161,2026-05-27,Tablet,3,25825.66
1593,138,2026-01-22,Tablet,1,29857.28
1594,361,2026-05-13,Mobile,5,4593.72
1595,637,2026-05-12,Headphones,4,45389.54
1596,419,2026-04-21,Headphones,4,32043.53
1597,26,2026-04-08,Mobile,4,23762.14
1598,78,2026-06-15,Headphones,1,29804.52
1599,526,2026-05-09,Mouse,1,78694.39
1600,234,2026-08-26,Laptop,1,7599.19
1601,560,2026-01-10,Mobile,3,20066.31
1602,257,2026-03-26,Headphones,3,19468.92
1603,142,2026-06-04,Tablet,5,91282.06
1604,789,2026-01-03,Headphones,3,82319.73
1605,414,2026-07-20,Keyboard,5,75901.7
1606,484,2026-01-04,Monitor,5,98932.83
1607,153,2026-09-01,Tablet,4,23144.06
1608,768,2026-07-05,Mobile,4,23755.46
1609,805,2026-05-31,Mouse,4,72389.78
1610,349,2026-04-29,Tablet,1,31650.95
1611,440,2026-02-18,Tablet,4,21353.68
1612,874,2026-04-26,Mouse,1,37782.67
1613,895,2026-05-28,Mobile,3,94363.72
1614,512,2026-01-03,Tablet,3,34312.31
1615,436,2026-04-18,Monitor,4,76402.74
1616,551,2026-06-26,Headphones,3,58902.03
1617,805,2026-05-26,Laptop,2,15792.28
1618,339,2026-09-01,Mouse,5,91418.34
1619,888,2026-05-27,Keyboard,4,20818.36
1620,66,2026-04-11,Mouse,4,19239.7
1621,337,2026-01-28,Mouse,4,64080.83
1622,96,2026-03-19,Mobile,1,67651.11
1623,33,2026-02-15,Tablet,5,49117.03
1624,204,2026-02-17,Laptop,4,28739.85
1625,299,2026-03-01,Monitor,5,7462.95
1626,378,2026-01-15,Mouse,1,17596.66
1627,932,2026-08-09,Keyboard,4,16125.03
1628,133,2026-01-29,Mouse,4,48085.99
1629,399,2026-01-18,Tablet,2,13428.26
1630,318,2026-02-22,Keyboard,4,16298.73
1631,962,2026-05-28,Headphones,5,20695.8
1632,702,2026-07-03,Keyboard,3,20569.42
1633,457,2026-02-06,Laptop,4,60682.44
1634,539,2026-03-05,Headphones,5,87984.32
1635,474,2026-04-28,Mouse,1,73860.43
1636,662,2026-03-15,Keyboard,3,70181.5
1637,812,2026-07-02,Headphones,4,61496.24
1638,871,2026-07-27,Mobile,4,25288.91
1639,633,2026-08-19,Monitor,4,46053.9
1640,675,2026-08-22,Mobile,5,10005.65
1641,969,2026-06-28,Laptop,2,88611.41
1642,281,2026-02-10,Monitor,5,29543.01
1643,69,2026-08-23,Monitor,2,90919.28
1644,781,2026-04-16,Mouse,1,99533.98
1645,774,2026-01-20,Laptop,5,76770.64
1646,420,2026-03-25,Keyboard,2,25650.28
1647,46,2026-05-10,Keyboard,1,7782.95
1648,692,2026-06-27,Monitor,4,38424.98
1649,409,2026-07-10,Tablet,2,39969.1
1650,257,2026-01-03,Laptop,2,33047.48
1651,476,2026-07-11,Keyboard,4,7289.6
1652,673,2026-05-21,Mobile,4,14455.45
1653,286,2026-07-30,Tablet,2,17473.62
1654,622,2026-01-05,Laptop,2,29767.39
1655,760,2026-05-17,Keyboard,2,8219.74
1656,12,2026-07-15,Monitor,3,15772.9
1657,183,2026-04-02,Mobile,1,89322.43
1658,222,2026-05-17,Keyboard,1,83731.86
1659,536,2026-07-27,Monitor,1,39366.53
1660,455,2026-03-20,Laptop,5,964.24
1661,387,2026-07-17,Tablet,2,92917.64
1662,931,2026-04-06,Mobile,2,9592.95
1663,29,2026-04-18,Laptop,3,82142.39
1664,686,2026-06-24,Laptop,2,95895.15
1665,817,2026-01-25,Tablet,2,72539.14
1666,426,2026-01-12,Mouse,1,81654.62
1667,576,2026-03-24,Monitor,2,62655.0
1668,555,2026-08-28,Keyboard,4,12519.99
1669,109,2026-02-24,Headphones,3,17775.34
1670,670,2026-04-13,Headphones,1,39224.07
1671,226,2026-04-28,Laptop,3,65169.53
1672,45,2026-04-05,Laptop,2,41404.14
1673,614,2026-07-16,Keyboard,1,71396.85
1674,945,2026-07-22,Tablet,5,17560.18
1675,98,2026-09-03,Mouse,3,98150.88
1676,398,2026-06-28,Monitor,2,33538.63
1677,780,2026-06-12,Monitor,3,97813.14
1678,494,2026-06-20,Laptop,3,2256.06
1679,600,2026-08-22,Keyboard,4,51347.1
1680,239,2026-07-09,Mouse,5,70610.6
1681,239,2026-01-04,Laptop,5,76014.63
1682,317,2026-02-01,Mobile,4,75845.95
1683,82,2026-06-08,Laptop,2,37765.1
1684,207,2026-03-17,Mobile,4,20836.34
1685,244,2026-01-10,Monitor,5,98860.86
1686,757,2026-04-24,Headphones,2,28173.58
1687,806,2026-06-14,Tablet,1,52326.85
1688,425,2026-09-08,Monitor,3,75179.82
1689,868,2026-02-28,Monitor,3,34601.48
1690,553,2026-02-22,Laptop,2,80244.45
1691,737,2026-06-28,Mobile,5,87334.23
1692,330,2026-05-14,Mobile,4,63163.36
1693,891,2026-01-17,Keyboard,1,95389.29
1694,650,2026-01-14,Mobile,2,12993.32
1695,607,2026-02-14,Mouse,2,24012.86
1696,437,2026-01-21,Monitor,4,31490.57
1697,203,2026-07-04,Mobile,4,18055.33
1698,311,2026-03-05,Headphones,5,45102.98
1699,207,2026-06-12,Headphones,4,8461.59
1700,369,2026-09-06,Keyboard,4,17192.72
1701,433,2026-04-23,Mouse,5,73625.35
1702,160,2026-07-14,Tablet,4,2471.2
1703,438,2026-04-08,Tablet,1,76006.4
1704,308,2026-08-24,Mouse,5,15703.47
1705,180,2026-07-06,Headphones,4,46633.3
1706,291,2026-04-27,Keyboard,5,60799.52
1707,342,2026-01-19,Mobile,4,19973.72
1708,195,2026-08-23,Laptop,1,86234.69
1709,743,2026-07-06,Headphones,4,40753.25
1710,963,2026-04-17,Keyboard,3,38711.72
1711,657,2026-03-20,Mouse,1,41174.36
1712,944,2026-01-10,Laptop,4,93246.89
1713,199,2026-02-11,Tablet,4,95731.14
1714,936,2026-07-17,Tablet,3,51206.03
1715,651,2026-05-06,Monitor,3,69797.31
1716,395,2026-06-16,Keyboard,2,24614.11
1717,944,2026-01-09,Tablet,3,63279.8
1718,29,2026-06-23,Monitor,2,26502.4
1719,967,2026-04-27,Monitor,2,25801.66
1720,593,2026-06-04,Monitor,2,1727.57
1721,95,2026-07-17,Monitor,4,40067.86
1722,998,2026-05-31,Laptop,5,91039.94
1723,434,2026-08-13,Mobile,4,25660.69
1724,513,2026-03-19,Mouse,4,58814.94
1725,422,2026-07-07,Tablet,1,11372.77
1726,796,2026-05-27,Tablet,3,81515.69
1727,767,2026-03-10,Mobile,4,70051.4
1728,173,2026-01-02,Tablet,4,657.07
1729,793,2026-01-18,Monitor,4,52733.72
1730,296,2026-06-17,Monitor,4,17478.11
1731,191,2026-04-06,Monitor,2,20203.04
1732,515,2026-02-16,Laptop,4,56925.67
1733,191,2026-02-24,Mobile,1,75116.62
1734,778,2026-07-27,Mobile,3,98303.24
1735,419,2026-08-12,Keyboard,5,11364.95
1736,171,2026-06-12,Laptop,3,9027.85
1737,284,2026-02-01,Laptop,3,3451.83
1738,490,2026-03-02,Keyboard,1,1445.9
1739,770,2026-03-10,Laptop,5,79026.11
1740,100,2026-01-11,Mobile,5,79282.76
1741,618,2026-04-07,Mouse,3,93246.77
1742,776,2026-05-02,Headphones,5,43230.64
1743,699,2026-04-05,Headphones,3,81776.3
1744,370,2026-08-29,Monitor,4,38154.35
1745,999,2026-01-15,Headphones,3,80723.89
1746,468,2026-01-01,Tablet,4,72659.41
1747,948,2026-08-16,Mobile,1,60389.96
1748,544,2026-08-11,Headphones,2,37158.77
1749,703,2026-06-08,Monitor,4,51733.94
1750,193,2026-06-19,Laptop,3,2154.72
1751,895,2026-04-03,Laptop,3,67953.98
1752,622,2026-03-01,Keyboard,4,74050.86
1753,84,2026-07-23,Headphones,4,93938.93
1754,954,2026-08-30,Keyboard,1,73560.64
1755,622,2026-03-17,Mobile,2,87050.94
1756,586,2026-08-13,Tablet,5,3658.7
1757,816,2026-05-08,Laptop,3,83319.23
1758,896,2026-05-21,Keyboard,2,89692.65
1759,119,2026-09-02,Keyboard,5,24469.71
1760,175,2026-02-24,Tablet,1,10994.23
1761,30,2026-07-03,Mobile,3,90313.53
1762,288,2026-07-16,Mobile,3,66760.3
1763,920,2026-09-01,Monitor,1,66714.9
1764,548,2026-08-25,Monitor,4,9498.95
1765,341,2026-06-27,Tablet,2,93212.11
1766,947,2026-07-16,Mouse,1,64576.66
1767,933,2026-04-07,Monitor,4,65565.01
1768,576,2026-07-20,Tablet,4,80940.52
1769,266,2026-02-27,Laptop,3,9224.19
1770,349,2026-01-23,Monitor,5,93752.46
1771,965,2026-07-10,Laptop,5,37089.83
1772,321,2026-08-07,Keyboard,5,73823.33
1773,64,2026-03-21,Mouse,5,19390.84
1774,434,2026-04-10,Headphones,3,79853.05
1775,816,2026-08-28,Mobile,5,66542.41
1776,228,2026-06-01,Laptop,4,1414.26
1777,472,2026-08-07,Headphones,2,81706.72
1778,858,2026-03-17,Mobile,4,68158.1
1779,616,2026-02-07,Headphones,2,74832.46
1780,821,2026-08-06,Tablet,1,60088.59
1781,515,2026-03-21,Monitor,1,27708.53
1782,724,2026-08-06,Mouse,4,63292.17
1783,507,2026-02-25,Headphones,4,6351.85
1784,342,2026-07-27,Mobile,2,84882.96
1785,830,2026-08-28,Mobile,1,92354.21
1786,184,2026-07-18,Tablet,4,72875.85
1787,835,2026-03-18,Monitor,2,99110.79
1788,402,2026-05-21,Headphones,4,67950.92
1789,776,2026-03-31,Keyboard,4,7646.41
1790,290,2026-07-06,Headphones,2,70260.31
1791,404,2026-05-21,Laptop,2,32680.15
1792,595,2026-07-22,Tablet,1,85056.07
1793,312,2026-07-01,Keyboard,2,57927.16
1794,713,2026-04-24,Keyboard,3,89773.2
1795,224,2026-02-23,Tablet,2,73664.23
1796,371,2026-01-03,Monitor,5,10643.81
1797,880,2026-07-21,Mobile,4,95064.62
1798,696,2026-04-20,Tablet,2,92635.54
1799,365,2026-01-25,Keyboard,2,94533.79
1800,528,2026-01-31,Monitor,3,59542.54
1801,153,2026-09-06,Monitor,4,24877.6
1802,247,2026-01-31,Keyboard,4,30617.62
1803,978,2026-06-02,Mobile,4,77697.06
1804,687,2026-07-23,Monitor,1,77884.22
1805,838,2026-08-10,Monitor,4,27884.0
1806,456,2026-06-17,Headphones,1,12440.04
1807,125,2026-01-22,Keyboard,5,22881.04
1808,587,2026-05-31,Mouse,4,27735.62
1809,97,2026-07-10,Tablet,5,18519.11
1810,661,2026-05-04,Monitor,4,30187.15
1811,102,2026-02-02,Headphones,1,71519.93
1812,815,2026-08-09,Mouse,2,40830.39
1813,21,2026-06-29,Keyboard,5,81837.55
1814,832,2026-07-20,Mouse,4,6861.2
1815,599,2026-08-03,Mouse,1,75474.07
1816,989,2026-02-23,Monitor,1,18476.09
1817,712,2026-06-03,Mobile,1,55694.82
1818,322,2026-07-24,Laptop,1,13317.19
1819,669,2026-02-22,Mobile,1,56468.37
1820,772,2026-08-06,Laptop,1,98002.88
1821,306,2026-05-10,Headphones,5,17574.52
1822,968,2026-09-08,Monitor,1,25209.54
1823,969,2026-01-12,Mouse,3,66086.18
1824,144,2026-04-24,Mouse,4,69662.6
1825,933,2026-05-14,Headphones,5,54051.84
1826,705,2026-02-23,Laptop,1,24091.49
1827,146,2026-02-18,Headphones,2,95763.58
1828,566,2026-06-04,Mobile,5,36226.98
1829,747,2026-02-02,Mouse,4,7898.79
1830,267,2026-03-07,Keyboard,2,40305.91
1831,968,2026-01-22,Headphones,4,94049.83
1832,549,2026-02-06,Mobile,1,63142.04
1833,649,2026-03-10,Monitor,2,71587.27
1834,674,2026-05-25,Monitor,5,60692.0
1835,842,2026-04-18,Mobile,3,99248.67
1836,389,2026-04-22,Laptop,5,25126.02
1837,128,2026-03-11,Mouse,1,68555.94
1838,68,2026-04-15,Headphones,1,36600.54
1839,797,2026-03-27,Headphones,2,86951.11
1840,281,2026-02-27,Laptop,1,38027.02
1841,228,2026-09-06,Keyboard,1,78382.0
1842,180,2026-02-01,Mouse,3,59088.29
1843,502,2026-07-26,Laptop,5,35215.57
1844,887,2026-05-27,Headphones,5,27469.87
1845,919,2026-01-26,Laptop,2,32140.64
1846,399,2026-07-12,Mobile,3,80705.46
1847,992,2026-06-23,Tablet,5,55391.33
1848,871,2026-08-14,Keyboard,4,59434.86
1849,10,2026-03-08,Monitor,5,71465.65
1850,130,2026-06-18,Mobile,4,56972.3
1851,55,2026-03-10,Monitor,3,70896.49
1852,695,2026-03-05,Mouse,4,70825.28
1853,450,2026-02-16,Headphones,4,50471.81
1854,976,2026-03-12,Keyboard,5,94196.86
1855,946,2026-08-14,Tablet,2,30866.15
1856,90,2026-08-08,Headphones,4,77172.55
1857,93,2026-08-05,Monitor,1,8130.97
1858,968,2026-03-03,Laptop,2,57744.01
1859,762,2026-01-22,Headphones,5,92994.11
1860,896,2026-07-26,Laptop,4,67864.79
1861,749,2026-08-27,Mobile,4,50031.62
1862,694,2026-06-25,Mouse,1,40844.41
1863,195,2026-06-07,Tablet,1,71558.93
1864,548,2026-06-29,Monitor,3,24800.51
1865,678,2026-07-09,Tablet,5,68565.77
1866,622,2026-01-11,Keyboard,2,67614.96
1867,783,2026-08-14,Mouse,2,17894.01
1868,860,2026-04-04,Mobile,5,35652.51
1869,433,2026-01-14,Keyboard,4,17463.15
1870,116,2026-09-06,Headphones,2,83256.78
1871,785,2026-08-06,Tablet,1,29361.44
1872,301,2026-05-04,Headphones,2,722.31
1873,583,2026-06-11,Keyboard,2,92344.11
1874,956,2026-08-26,Monitor,5,82659.88
1875,958,2026-01-10,Keyboard,5,84911.0
1876,365,2026-01-15,Laptop,5,46305.21
1877,363,2026-03-18,Laptop,1,35297.31
1878,191,2026-07-04,Keyboard,3,1381.94
1879,504,2026-04-21,Mobile,1,53145.11
1880,158,2026-08-19,Keyboard,1,91354.36
1881,160,2026-01-02,Tablet,3,22996.48
1882,384,2026-04-12,Headphones,3,43119.98
1883,550,2026-02-16,Tablet,3,11315.15
1884,673,2026-04-23,Tablet,4,16602.51
1885,766,2026-04-01,Keyboard,1,36244.06
1886,727,2026-08-11,Mobile,1,19361.92
1887,137,2026-01-11,Keyboard,4,74520.44
1888,33,2026-08-19,Mobile,2,94863.4
1889,682,2026-09-03,Headphones,1,42398.98
1890,508,2026-05-21,Tablet,2,32826.33
1891,800,2026-07-15,Keyboard,5,72736.46
1892,864,2026-07-09,Tablet,4,13576.06
1893,111,2026-09-03,Tablet,1,13049.3
1894,513,2026-03-30,Laptop,2,5677.96
1895,351,2026-08-01,Keyboard,5,73874.44
1896,492,2026-04-22,Headphones,3,48849.96
1897,440,2026-07-14,Mobile,5,15673.32
1898,192,2026-05-11,Mobile,3,76789.4
1899,270,2026-08-10,Monitor,2,66799.88
1900,204,2026-04-20,Keyboard,1,70263.92
1901,626,2026-05-09,Mobile,2,99258.89
1902,645,2026-06-01,Monitor,2,23323.73
1903,411,2026-02-03,Laptop,3,99044.68
1904,150,2026-08-26,Keyboard,1,61838.5
1905,886,2026-01-24,Laptop,4,41026.07
1906,717,2026-03-20,Monitor,2,22566.64
1907,491,2026-04-20,Laptop,5,42993.75
1908,312,2026-01-14,Laptop,3,36675.83
1909,360,2026-08-30,Monitor,4,25073.38
1910,49,2026-08-18,Mobile,1,553.32
1911,763,2026-06-19,Headphones,2,28889.04
1912,931,2026-03-13,Mouse,1,43375.3
1913,972,2026-03-06,Keyboard,3,33761.07
1914,100,2026-01-29,Monitor,1,68454.67
1915,883,2026-07-17,Mobile,3,36376.59
1916,371,2026-07-27,Monitor,5,53121.78
1917,244,2026-04-06,Monitor,3,21398.31
1918,90,2026-04-09,Laptop,2,63141.08
1919,124,2026-06-04,Laptop,5,96848.85
1920,671,2026-08-15,Tablet,2,19696.29
1921,948,2026-04-25,Laptop,1,94210.89
1922,352,2026-06-08,Headphones,4,98969.64
1923,547,2026-02-21,Monitor,2,4859.21
1924,429,2026-02-19,Mouse,3,89212.87
1925,874,2026-07-14,Tablet,5,97525.05
1926,375,2026-08-18,Keyboard,1,91129.49
1927,495,2026-01-18,Keyboard,5,93167.57
1928,810,2026-05-09,Laptop,2,60115.79
1929,991,2026-06-28,Mobile,3,5021.8
1930,63,2026-05-25,Tablet,2,74201.16
1931,507,2026-04-12,Monitor,5,87090.44
1932,77,2026-09-06,Mobile,4,75197.42
1933,576,2026-04-09,Tablet,4,40384.47
1934,212,2026-03-11,Mobile,1,16420.3
1935,607,2026-02-25,Monitor,1,87975.92
1936,526,2026-07-22,Keyboard,5,70921.53
1937,266,2026-05-15,Headphones,2,29988.19
1938,566,2026-03-10,Laptop,2,22780.98
1939,244,2026-05-17,Headphones,1,64141.73
1940,905,2026-08-30,Headphones,2,27408.27
1941,53,2026-07-22,Monitor,2,98958.86
1942,548,2026-02-23,Laptop,1,65040.23
1943,620,2026-06-11,Headphones,3,8782.99
1944,906,2026-06-30,Mouse,3,72346.92
1945,920,2026-04-15,Mouse,3,32801.2
1946,641,2026-01-15,Tablet,1,82481.21
1947,749,2026-02-26,Headphones,2,25970.73
1948,551,2026-01-05,Monitor,5,11091.05
1949,705,2026-07-10,Keyboard,3,87067.57
1950,619,2026-06-12,Mouse,2,81776.28
1951,333,2026-02-26,Headphones,2,58375.55
1952,879,2026-07-26,Tablet,4,15986.33
1953,748,2026-03-01,Monitor,4,37179.68
1954,491,2026-08-19,Laptop,4,18560.6
1955,836,2026-02-17,Tablet,2,19291.56
1956,966,2026-05-06,Monitor,2,64932.65
1957,318,2026-01-06,Mobile,2,81841.17
1958,623,2026-06-25,Mobile,1,14780.47
1959,252,2026-04-20,Keyboard,4,10473.26
1960,141,2026-05-15,Monitor,1,60527.7
1961,394,2026-04-07,Laptop,1,82742.94
1962,851,2026-07-15,Monitor,1,13651.82
1963,86,2026-07-17,Headphones,2,93890.54
1964,14,2026-06-03,Tablet,1,95782.96
1965,556,2026-01-28,Monitor,3,85345.66
1966,208,2026-01-22,Mobile,4,76087.34
1967,455,2026-08-17,Tablet,2,31084.81
1968,159,2026-05-03,Mobile,1,54580.88
1969,643,2026-03-10,Mouse,1,2610.19
1970,106,2026-01-12,Mouse,3,10705.33
1971,857,2026-08-15,Keyboard,2,620.44
1972,25,2026-02-27,Mobile,4,38845.61
1973,672,2026-04-01,Headphones,2,92208.25
1974,394,2026-06-25,Monitor,1,49436.15
1975,230,2026-01-29,Laptop,3,36052.14
1976,342,2026-06-07,Laptop,3,92370.3
1977,87,2026-08-24,Laptop,5,15534.75
1978,544,2026-04-20,Headphones,5,18545.87
1979,154,2026-04-19,Monitor,3,62663.45
1980,357,2026-03-15,Laptop,3,91665.32
1981,378,2026-06-19,Headphones,1,78991.18
1982,956,2026-08-09,Mobile,2,32365.47
1983,458,2026-04-10,Monitor,4,81557.65
1984,592,2026-01-29,Keyboard,3,14894.45
1985,131,2026-03-24,Mobile,4,35584.57
1986,435,2026-05-07,Keyboard,4,60373.44
1987,342,2026-06-12,Mobile,2,38626.93
1988,510,2026-05-21,Mouse,5,49513.84
1989,842,2026-05-18,Mobile,4,8819.96
1990,432,2026-07-03,Mouse,5,77770.96
1991,767,2026-07-27,Mobile,1,23901.71
1992,209,2026-01-01,Tablet,1,36558.65
1993,981,2026-05-02,Mobile,1,6427.95
1994,370,2026-03-31,Tablet,2,29822.38
1995,856,2026-02-06,Tablet,5,97196.05
1996,432,2026-08-22,Mobile,2,82868.27
1997,765,2026-01-15,Mobile,1,96224.17
1998,147,2026-06-30,Keyboard,1,69764.19
1999,381,2026-04-19,Laptop,1,66443.36
2000,489,2026-01-19,Tablet,5,87112.46
2001,151,2026-01-08,Headphones,2,8359.83
2002,13,2026-01-20,Mouse,4,15396.86
2003,482,2026-02-16,Monitor,2,74936.66
2004,972,2026-06-28,Headphones,4,41446.49
2005,455,2026-03-28,Tablet,1,29033.52
2006,62,2026-02-09,Monitor,1,60615.27
2007,516,2026-02-14,Mobile,1,39940.87
2008,697,2026-04-19,Keyboard,5,71284.97
2009,942,2026-03-08,Mouse,5,30950.38
2010,434,2026-02-28,Mobile,3,97325.67
2011,387,2026-05-14,Mobile,2,40340.04
2012,225,2026-01-15,Keyboard,2,82339.24
2013,573,2026-09-07,Mouse,1,81747.6
2014,489,2026-04-30,Headphones,4,82811.74
2015,56,2026-02-12,Tablet,3,64841.4
2016,277,2026-02-19,Laptop,1,8241.95
2017,798,2026-06-04,Tablet,3,3290.86
2018,167,2026-03-14,Mouse,1,6999.26
2019,12,2026-06-02,Tablet,3,19180.51
2020,654,2026-02-21,Laptop,2,27282.22
2021,584,2026-09-08,Mouse,1,56592.06
2022,496,2026-07-22,Laptop,1,31800.74
2023,317,2026-08-30,Laptop,3,75292.1
2024,408,2026-09-03,Mouse,2,31790.01
2025,744,2026-04-11,Headphones,2,70414.35
2026,340,2026-01-25,Keyboard,5,10549.79
2027,794,2026-07-26,Mobile,1,58923.96
2028,489,2026-04-08,Mouse,1,29366.88
2029,699,2026-02-08,Keyboard,1,88577.79
2030,976,2026-01-24,Monitor,2,88498.01
2031,698,2026-07-26,Monitor,2,76998.16
2032,987,2026-02-11,Mouse,5,99231.75
2033,668,2026-06-05,Mouse,3,45024.28
2034,348,2026-02-03,Headphones,3,62535.34
2035,442,2026-08-29,Laptop,4,24291.51
2036,622,2026-06-06,Laptop,2,56906.64
2037,100,2026-05-08,Tablet,1,14690.94
2038,317,2026-08-11,Mouse,1,50141.77
2039,322,2026-04-27,Mobile,3,16566.51
2040,591,2026-03-13,Headphones,3,9378.31
2041,728,2026-02-15,Tablet,4,26165.44
2042,263,2026-05-02,Tablet,4,65204.06
2043,963,2026-02-05,Laptop,5,49081.77
2044,880,2026-04-04,Headphones,4,41198.81
2045,940,2026-06-08,Monitor,2,44362.35
2046,866,2026-05-12,Mouse,3,37681.47
2047,424,2026-06-24,Mouse,4,26651.33
2048,699,2026-08-13,Laptop,5,97754.45
2049,759,2026-01-15,Tablet,2,70124.66
2050,9,2026-05-24,Mobile,1,29420.73
2051,584,2026-02-10,Keyboard,1,22693.6
2052,474,2026-08-12,Monitor,1,35219.33
2053,658,2026-04-30,Mouse,4,11357.35
2054,750,2026-02-16,Laptop,4,76937.56
2055,412,2026-02-21,Headphones,1,32069.84
2056,498,2026-06-04,Mobile,4,11875.48
2057,40,2026-04-27,Mouse,2,94879.1
2058,656,2026-02-07,Mobile,3,57036.55
2059,793,2026-06-03,Keyboard,1,93677.74
2060,809,2026-04-03,Keyboard,4,21735.37
2061,889,2026-02-24,Laptop,4,27349.89
2062,181,2026-06-12,Laptop,2,7391.28
2063,84,2026-04-14,Headphones,4,87193.27
2064,220,2026-05-15,Monitor,3,18815.79
2065,95,2026-01-14,Keyboard,3,96354.89
2066,169,2026-03-18,Mobile,3,94223.19
2067,487,2026-05-04,Mouse,2,96576.19
2068,364,2026-04-22,Monitor,5,39219.23
2069,575,2026-01-03,Tablet,5,20256.72
2070,684,2026-07-05,Mouse,5,14889.42
2071,844,2026-06-20,Monitor,3,1911.58
2072,470,2026-08-18,Mobile,4,86497.98
2073,812,2026-01-30,Monitor,4,26648.87
2074,4,2026-07-04,Keyboard,2,63612.16
2075,993,2026-06-13,Mouse,1,4130.35
2076,193,2026-07-10,Keyboard,5,77551.25
2077,387,2026-06-03,Mobile,3,21371.43
2078,996,2026-02-18,Monitor,5,95532.89
2079,834,2026-04-05,Headphones,1,30543.47
2080,515,2026-03-20,Tablet,1,70082.06
2081,467,2026-06-16,Keyboard,4,35497.03
2082,556,2026-08-01,Keyboard,5,97419.98
2083,117,2026-03-27,Mobile,4,43124.17
2084,567,2026-02-15,Mouse,2,54504.91
2085,292,2026-04-08,Tablet,4,63593.67
2086,636,2026-06-29,Tablet,1,99538.64
2087,858,2026-07-26,Laptop,1,65137.65
2088,955,2026-06-07,Keyboard,1,49892.29
2089,639,2026-07-12,Mouse,1,63535.75
2090,596,2026-05-09,Tablet,1,66937.16
2091,431,2026-08-07,Mobile,2,77799.59
2092,391,2026-05-22,Laptop,2,85706.09
2093,128,2026-09-01,Headphones,4,41587.01
2094,661,2026-07-30,Monitor,4,1256.71
2095,801,2026-04-06,Mobile,5,28718.64
2096,675,2026-08-14,Headphones,3,83929.18
2097,932,2026-07-23,Keyboard,2,913.68
2098,425,2026-08-21,Laptop,1,3111.56
2099,384,2026-07-22,Tablet,5,82093.42
2100,326,2026-06-03,Headphones,2,95936.48
2101,248,2026-04-21,Mouse,4,19669.71
2102,403,2026-06-14,Tablet,1,80232.5
2103,440,2026-05-28,Mobile,4,97746.89
2104,413,2026-02-14,Headphones,5,16265.14
2105,102,2026-03-01,Monitor,2,50673.58
2106,591,2026-06-11,Tablet,4,84381.56
2107,939,2026-06-10,Headphones,5,16325.79
2108,209,2026-03-24,Laptop,1,3051.2
2109,644,2026-01-03,Tablet,5,15728.34
2110,725,2026-06-08,Mouse,1,57393.49
2111,761,2026-01-07,Monitor,2,98349.71
2112,647,2026-06-12,Tablet,3,19062.24
2113,920,2026-06-17,Mobile,3,19785.98
2114,252,2026-08-04,Monitor,4,77153.96
2115,53,2026-06-18,Headphones,1,93530.1
2116,24,2026-06-10,Monitor,5,86760.44
2117,471,2026-01-29,Mouse,1,11154.13
2118,269,2026-03-14,Mobile,1,8199.45
2119,371,2026-08-05,Tablet,2,39384.62
2120,815,2026-05-06,Laptop,4,7820.81
2121,641,2026-09-03,Laptop,2,68889.97
2122,912,2026-04-07,Headphones,4,80950.63
2123,306,2026-02-16,Laptop,2,66136.81
2124,622,2026-06-11,Tablet,1,12162.11
2125,356,2026-03-29,Keyboard,5,60199.29
2126,163,2026-01-02,Mouse,3,92695.03
2127,621,2026-02-19,Laptop,5,2792.3
2128,780,2026-05-12,Mobile,2,86753.99
2129,921,2026-01-30,Mobile,1,33090.2
2130,86,2026-02-26,Monitor,2,27125.26
2131,205,2026-05-04,Laptop,3,70954.32
2132,302,2026-06-16,Keyboard,4,43888.17
2133,410,2026-08-31,Mobile,3,17709.47
2134,867,2026-06-25,Monitor,3,96206.19
2135,598,2026-01-27,Tablet,5,31502.72
2136,211,2026-07-23,Monitor,4,43630.43
2137,434,2026-04-25,Mouse,3,81681.27
2138,111,2026-06-09,Mouse,4,43216.64
2139,362,2026-05-26,Headphones,1,45215.64
2140,35,2026-08-16,Mouse,3,58893.49
2141,619,2026-03-17,Tablet,5,35549.21
2142,118,2026-01-08,Mobile,3,43223.99
2143,367,2026-02-17,Mobile,1,21910.82
2144,381,2026-04-06,Mobile,3,12669.21
2145,705,2026-03-23,Laptop,3,21770.36
2146,815,2026-05-26,Headphones,2,56383.24
2147,291,2026-04-09,Mouse,2,52962.6
2148,575,2026-01-27,Headphones,5,94653.97
2149,881,2026-07-26,Monitor,1,57607.87
2150,432,2026-06-15,Monitor,4,32119.44
2151,203,2026-03-23,Mobile,1,80371.16
2152,48,2026-05-08,Headphones,4,12366.27
2153,176,2026-04-26,Mouse,3,59321.52
2154,591,2026-03-02,Laptop,3,2274.71
2155,877,2026-07-20,Mouse,1,91208.49
2156,135,2026-03-14,Tablet,4,4182.32
2157,941,2026-05-17,Mouse,1,34070.29
2158,72,2026-01-05,Keyboard,1,83070.1
2159,741,2026-04-17,Headphones,3,32060.37
2160,410,2026-03-30,Laptop,5,77574.04
2161,628,2026-05-07,Laptop,4,30195.16
2162,506,2026-04-27,Tablet,1,84386.03
2163,633,2026-08-29,Laptop,1,22789.43
2164,11,2026-07-31,Mobile,1,99357.27
2165,705,2026-08-09,Monitor,4,23020.95
2166,196,2026-01-23,Monitor,3,81706.69
2167,6,2026-05-18,Monitor,1,26338.93
2168,45,2026-07-20,Laptop,1,94740.91
2169,271,2026-01-20,Headphones,5,79266.97
2170,277,2026-04-08,Monitor,2,92523.41
2171,472,2026-05-30,Laptop,2,32273.6
2172,772,2026-02-07,Mouse,4,63871.91
2173,126,2026-06-21,Mouse,5,24432.08
2174,678,2026-05-03,Keyboard,3,32530.18
2175,495,2026-07-07,Mobile,1,26749.3
2176,729,2026-03-17,Laptop,3,56072.27
2177,249,2026-08-12,Monitor,2,69649.02
2178,996,2026-01-20,Keyboard,1,21641.31
2179,222,2026-06-21,Keyboard,4,19197.78
2180,349,2026-01-27,Mobile,5,76279.45
2181,880,2026-05-12,Headphones,3,70996.98
2182,158,2026-06-17,Tablet,5,11013.22
2183,225,2026-02-03,Headphones,4,97518.94
2184,636,2026-08-11,Mouse,2,78112.1
2185,71,2026-02-18,Headphones,4,16837.53
2186,975,2026-03-20,Tablet,5,65014.1
2187,473,2026-02-07,Laptop,1,24435.96
2188,472,2026-08-17,Mobile,3,3344.33
2189,544,2026-06-19,Keyboard,3,26925.08
2190,564,2026-08-26,Laptop,3,43431.63
2191,407,2026-02-08,Mouse,4,51038.72
2192,452,2026-01-14,Headphones,3,10232.36
2193,392,2026-06-16,Monitor,4,19796.2
2194,413,2026-02-18,Mobile,5,27954.61
2195,506,2026-06-05,Mouse,4,11363.86
2196,662,2026-01-13,Mobile,1,22348.19
2197,917,2026-01-14,Laptop,5,26984.74
2198,545,2026-01-17,Laptop,3,23033.27
2199,717,2026-06-08,Monitor,4,39494.85
2200,226,2026-01-26,Monitor,3,49769.58
2201,805,2026-02-13,Mobile,3,63871.47
2202,611,2026-06-30,Headphones,1,9877.14
2203,930,2026-05-09,Monitor,5,47937.45
2204,874,2026-03-20,Monitor,2,17438.14
2205,72,2026-06-24,Mobile,2,33549.45
2206,146,2026-04-27,Laptop,4,43078.29
2207,182,2026-01-06,Headphones,1,17487.15
2208,874,2026-07-14,Laptop,5,35538.29
2209,598,2026-05-02,Laptop,4,87385.24
2210,113,2026-05-01,Laptop,1,56943.04
2211,856,2026-03-16,Mobile,5,50563.07
2212,151,2026-07-13,Tablet,1,10449.25
2213,754,2026-07-25,Headphones,4,49320.85
2214,559,2026-03-31,Headphones,4,25726.92
2215,14,2026-04-28,Tablet,3,30462.84
2216,913,2026-03-27,Mouse,5,48693.31
2217,703,2026-03-11,Mouse,1,15216.09
2218,877,2026-04-16,Mobile,2,36040.84
2219,251,2026-01-08,Mouse,4,36262.28
2220,92,2026-07-10,Mobile,4,64054.01
2221,281,2026-09-05,Monitor,5,89972.53
2222,982,2026-04-26,Mouse,2,26898.28
2223,358,2026-06-23,Headphones,4,59120.21
2224,283,2026-08-30,Headphones,2,4589.45
2225,719,2026-05-14,Headphones,5,12734.65
2226,466,2026-07-23,Mouse,3,29196.65
2227,9,2026-09-06,Keyboard,2,46898.59
2228,536,2026-02-08,Headphones,5,56035.01
2229,311,2026-02-11,Keyboard,3,6929.34
2230,16,2026-03-17,Keyboard,1,22123.87
2231,608,2026-07-31,Laptop,1,49092.46
2232,441,2026-01-02,Headphones,1,5465.25
2233,359,2026-02-05,Headphones,5,66699.94
2234,575,2026-07-16,Mobile,1,71463.11
2235,751,2026-02-06,Mobile,4,58729.87
2236,298,2026-01-21,Mobile,1,47581.19
2237,255,2026-04-01,Tablet,4,42545.05
2238,926,2026-09-05,Laptop,3,92059.32
2239,319,2026-06-02,Mobile,5,43863.72
2240,331,2026-08-13,Tablet,5,14348.05
2241,205,2026-07-16,Headphones,2,41923.07
2242,309,2026-02-21,Headphones,1,30084.75
2243,644,2026-08-26,Keyboard,5,18745.53
2244,897,2026-07-20,Tablet,4,10056.21
2245,453,2026-05-15,Monitor,3,50629.61
2246,730,2026-06-25,Headphones,4,35742.29
2247,431,2026-04-30,Keyboard,4,3253.46
2248,28,2026-05-24,Tablet,4,9298.68
2249,630,2026-02-05,Headphones,2,58242.08
2250,131,2026-04-06,Mouse,5,90041.29
2251,301,2026-08-13,Laptop,4,13030.62
2252,7,2026-06-21,Keyboard,5,46291.96
2253,87,2026-01-14,Laptop,3,83074.48
2254,110,2026-06-16,Headphones,5,10191.21
2255,580,2026-03-16,Keyboard,3,86499.26
2256,759,2026-02-01,Mouse,5,74066.66
2257,719,2026-01-14,Mobile,5,14843.11
2258,991,2026-07-09,Keyboard,2,22742.59
2259,656,2026-06-22,Tablet,2,30438.77
2260,737,2026-03-21,Laptop,4,62554.56
2261,118,2026-02-21,Laptop,1,15725.7
2262,124,2026-08-14,Mouse,1,25097.01
2263,486,2026-01-27,Laptop,5,44659.68
2264,949,2026-01-15,Laptop,3,40753.45
2265,840,2026-02-17,Mobile,5,26397.02
2266,698,2026-06-06,Keyboard,5,12758.05
2267,652,2026-02-07,Laptop,2,14597.78
2268,674,2026-07-10,Mobile,2,51395.74
2269,560,2026-06-29,Mobile,4,48306.41
2270,684,2026-03-16,Laptop,5,49549.93
2271,282,2026-06-20,Keyboard,4,69916.44
2272,476,2026-01-28,Keyboard,4,15242.57
2273,469,2026-03-14,Laptop,5,39248.23
2274,311,2026-05-29,Laptop,5,44725.7
2275,929,2026-08-21,Headphones,2,47056.76
2276,470,2026-07-05,Headphones,1,98184.49
2277,513,2026-04-02,Tablet,5,21472.62
2278,724,2026-08-20,Mouse,4,51547.99
2279,672,2026-02-14,Mobile,3,65765.37
2280,348,2026-05-25,Keyboard,2,28194.84
2281,675,2026-07-15,Headphones,4,7286.91
2282,661,2026-08-03,Keyboard,4,96274.22
2283,675,2026-06-05,Mobile,5,70995.77
2284,795,2026-05-10,Monitor,5,26292.99
2285,332,2026-06-28,Mouse,5,35135.47
2286,850,2026-06-08,Keyboard,1,4970.45
2287,751,2026-08-07,Mobile,2,10105.77
2288,512,2026-01-28,Monitor,4,32704.11
2289,791,2026-03-01,Tablet,2,10990.47
2290,179,2026-08-14,Monitor,4,75703.48
2291,945,2026-04-18,Laptop,1,61384.41
2292,39,2026-01-30,Tablet,1,44432.08
2293,622,2026-04-06,Monitor,1,92393.31
2294,111,2026-03-24,Monitor,4,38074.08
2295,588,2026-06-13,Mouse,2,19973.94
2296,449,2026-05-06,Monitor,3,22936.91
2297,166,2026-07-09,Keyboard,5,80962.89
2298,89,2026-02-19,Mouse,1,63097.01
2299,99,2026-06-21,Mobile,1,81095.88
2300,6,2026-08-17,Headphones,4,57045.36
2301,74,2026-08-10,Headphones,2,68394.94
2302,933,2026-09-03,Monitor,5,49869.46
2303,213,2026-08-02,Mouse,4,50334.6
2304,634,2026-04-02,Mouse,2,80258.79
2305,438,2026-04-23,Monitor,4,87460.7
2306,81,2026-05-26,Mobile,5,30173.58
2307,511,2026-01-31,Mobile,1,60348.21
2308,24,2026-03-26,Mobile,3,92266.2
2309,400,2026-03-06,Monitor,3,7261.31
2310,162,2026-08-12,Headphones,1,53675.17
2311,874,2026-03-03,Mouse,5,50254.68
2312,634,2026-04-13,Laptop,5,69903.03
2313,597,2026-01-29,Keyboard,3,65496.58
2314,347,2026-01-09,Keyboard,3,20450.87
2315,784,2026-08-16,Laptop,2,20821.21
2316,752,2026-07-29,Headphones,1,23943.91
2317,825,2026-01-19,Mouse,5,70457.54
2318,827,2026-07-15,Laptop,3,98115.08
2319,427,2026-09-01,Mouse,5,92971.68
2320,565,2026-08-16,Keyboard,2,27415.59
2321,107,2026-01-11,Laptop,4,51006.62
2322,359,2026-06-16,Keyboard,4,30690.13
2323,898,2026-08-06,Mobile,1,93159.03
2324,793,2026-01-07,Tablet,2,53651.49
2325,389,2026-08-09,Monitor,1,55473.35
2326,397,2026-01-14,Tablet,4,69696.33
2327,719,2026-04-21,Keyboard,5,14208.16
2328,121,2026-04-23,Mouse,3,35503.02
2329,448,2026-03-29,Laptop,2,23587.33
2330,11,2026-05-31,Mobile,4,74873.83
2331,828,2026-08-16,Tablet,5,57020.84
2332,16,2026-07-25,Tablet,2,81355.88
2333,59,2026-01-20,Mobile,4,18469.05
2334,322,2026-01-12,Headphones,5,65693.29
2335,300,2026-03-04,Mobile,5,40082.96
2336,126,2026-06-18,Monitor,1,8099.6
2337,557,2026-08-29,Mobile,4,70672.89
2338,366,2026-07-28,Tablet,2,44632.41
2339,965,2026-03-19,Headphones,5,29622.0
2340,251,2026-06-17,Mouse,3,32226.47
2341,516,2026-05-19,Laptop,1,34990.23
2342,723,2026-04-16,Mouse,4,28338.49
2343,934,2026-02-22,Mobile,5,23438.32
2344,567,2026-07-09,Mobile,1,37552.8
2345,807,2026-07-28,Mobile,1,97802.02
2346,451,2026-06-28,Monitor,4,95327.97
2347,511,2026-01-06,Tablet,1,27394.71
2348,394,2026-05-31,Headphones,1,6442.14
2349,625,2026-08-07,Keyboard,4,2375.42
2350,394,2026-04-08,Keyboard,1,22832.62
2351,189,2026-04-08,Monitor,4,53482.95
2352,313,2026-06-19,Laptop,5,76418.13
2353,27,2026-08-28,Mouse,3,92308.52
2354,269,2026-08-21,Tablet,5,22046.14
2355,350,2026-01-08,Monitor,5,43690.56
2356,802,2026-04-20,Monitor,1,80835.97
2357,398,2026-05-22,Monitor,3,85922.15
2358,548,2026-08-29,Keyboard,4,57473.95
2359,788,2026-05-26,Mouse,3,16673.61
2360,479,2026-04-08,Monitor,2,13621.33
2361,288,2026-01-04,Tablet,3,9010.92
2362,790,2026-03-05,Mouse,3,34084.47
2363,40,2026-04-12,Mouse,3,36488.64
2364,257,2026-06-18,Tablet,5,1727.74
2365,583,2026-03-20,Monitor,3,83681.98
2366,184,2026-08-05,Keyboard,4,2218.04
2367,478,2026-01-03,Laptop,3,48280.69
2368,570,2026-08-05,Mobile,4,6329.19
2369,82,2026-08-29,Headphones,5,55369.06
2370,66,2026-09-02,Keyboard,2,26171.69
2371,283,2026-07-21,Headphones,4,13158.64
2372,179,2026-06-11,Mobile,5,65769.83
2373,118,2026-03-01,Monitor,1,18833.42
2374,882,2026-05-10,Keyboard,5,32074.78
2375,735,2026-05-22,Mobile,1,95194.53
2376,999,2026-03-08,Headphones,1,67999.59
2377,870,2026-08-08,Headphones,5,71972.77
2378,241,2026-06-03,Headphones,1,8209.17
2379,116,2026-04-24,Mouse,1,24079.38
2380,585,2026-03-25,Headphones,4,7603.62
2381,897,2026-04-20,Headphones,2,2957.11
2382,808,2026-06-05,Headphones,3,97522.33
2383,668,2026-08-18,Headphones,4,94276.72
2384,637,2026-03-17,Laptop,2,37146.04
2385,953,2026-03-16,Mobile,5,3040.76
2386,217,2026-06-05,Tablet,3,51324.22
2387,760,2026-07-19,Mouse,5,71427.6
2388,221,2026-08-29,Keyboard,5,3743.65
2389,154,2026-07-05,Keyboard,1,95540.35
2390,958,2026-09-03,Mobile,5,50597.84
2391,646,2026-05-28,Mouse,4,54127.25
2392,868,2026-02-01,Mouse,1,60906.65
2393,538,2026-06-18,Mouse,4,32035.47
2394,857,2026-02-19,Mouse,3,91151.42
2395,249,2026-03-26,Tablet,3,23473.62
2396,767,2026-03-22,Laptop,2,44778.24
2397,902,2026-09-03,Keyboard,3,8429.16
2398,518,2026-05-24,Laptop,3,65506.33
2399,236,2026-06-04,Keyboard,4,23361.45
2400,847,2026-07-31,Mobile,5,24871.92
2401,418,2026-08-21,Monitor,5,66757.31
2402,267,2026-06-05,Tablet,3,34486.39
2403,84,2026-01-31,Keyboard,4,50750.08
2404,590,2026-02-07,Keyboard,2,90037.31
2405,465,2026-08-13,Laptop,2,12518.49
2406,784,2026-03-09,Mouse,4,74413.97
2407,891,2026-02-02,Laptop,4,2881.18
2408,75,2026-02-12,Mobile,5,86754.56
2409,398,2026-08-24,Keyboard,3,13181.57
2410,571,2026-06-28,Mobile,3,12343.45
2411,845,2026-08-18,Headphones,5,61071.37
2412,740,2026-01-28,Laptop,1,74005.47
2413,973,2026-04-01,Keyboard,4,63267.78
2414,855,2026-07-09,Keyboard,3,75887.18
2415,138,2026-06-29,Monitor,2,72508.89
2416,939,2026-05-31,Tablet,5,8837.05
2417,8,2026-08-18,Mouse,5,37302.45
2418,465,2026-06-16,Keyboard,3,44139.41
2419,740,2026-05-11,Mouse,3,94504.43
2420,238,2026-01-25,Headphones,4,34441.16
2421,531,2026-05-25,Mouse,5,51068.68
2422,437,2026-08-26,Headphones,3,38714.74
2423,183,2026-07-13,Mobile,1,81491.72
2424,904,2026-07-08,Monitor,2,43338.5
2425,589,2026-03-13,Mouse,3,10396.92
2426,170,2026-03-14,Laptop,3,27747.93
2427,230,2026-04-23,Mobile,3,93950.89
2428,621,2026-03-08,Tablet,1,92489.33
2429,286,2026-06-20,Mobile,1,21080.89
2430,521,2026-08-03,Tablet,2,3221.34
2431,41,2026-08-20,Mouse,5,79999.7
2432,501,2026-01-02,Tablet,1,37269.29
2433,965,2026-03-14,Mouse,4,73342.9
2434,130,2026-05-14,Tablet,4,29846.69
2435,734,2026-01-29,Monitor,1,44718.3
2436,506,2026-04-21,Headphones,1,86518.02
2437,750,2026-03-13,Monitor,1,96859.74
2438,81,2026-07-25,Monitor,2,72872.48
2439,161,2026-03-25,Mouse,3,27972.75
2440,754,2026-06-11,Mouse,1,70827.58
2441,914,2026-03-22,Laptop,4,10493.66
2442,814,2026-06-30,Mouse,3,19444.67
2443,677,2026-05-23,Tablet,1,94943.66
2444,9,2026-06-10,Mobile,2,58841.17
2445,966,2026-08-12,Mobile,2,26895.96
2446,497,2026-02-08,Tablet,2,73489.29
2447,135,2026-03-14,Mobile,1,95107.86
2448,741,2026-08-08,Monitor,2,818.17
2449,503,2026-01-18,Mouse,5,21250.42
2450,40,2026-02-15,Keyboard,3,61531.13
2451,598,2026-06-11,Mobile,3,48681.19
2452,978,2026-06-18,Mobile,3,84148.84
2453,300,2026-08-13,Monitor,4,49277.09
2454,402,2026-06-11,Mouse,3,54569.62
2455,99,2026-03-17,Mobile,1,96310.44
2456,774,2026-08-18,Tablet,3,42249.61
2457,334,2026-04-25,Mobile,4,12024.01
2458,980,2026-04-29,Headphones,1,35084.07
2459,722,2026-04-12,Mobile,4,84092.02
2460,501,2026-08-10,Mouse,4,68878.58
2461,298,2026-01-08,Headphones,5,21903.06
2462,802,2026-08-06,Keyboard,1,56444.6
2463,268,2026-03-24,Monitor,3,41417.29
2464,453,2026-07-27,Keyboard,4,26439.59
2465,275,2026-01-14,Keyboard,2,34314.23
2466,47,2026-07-29,Headphones,4,41276.25
2467,897,2026-05-27,Mobile,5,21016.98
2468,113,2026-06-10,Mouse,5,33303.58
2469,553,2026-06-04,Laptop,1,80340.08
2470,800,2026-01-24,Monitor,3,91266.74
2471,785,2026-07-16,Mouse,1,65665.69
2472,216,2026-05-13,Headphones,5,20244.76
2473,859,2026-02-10,Mouse,4,86042.42
2474,298,2026-02-28,Tablet,2,91110.05
2475,424,2026-03-26,Mobile,5,73466.77
2476,14,2026-08-29,Laptop,1,75634.62
2477,105,2026-05-15,Mouse,4,79238.67
2478,161,2026-01-11,Headphones,3,2912.31
2479,791,2026-06-11,Monitor,2,3860.91
2480,127,2026-07-11,Tablet,4,65699.96
2481,838,2026-02-03,Monitor,3,86267.38
2482,76,2026-01-20,Mouse,4,2505.34
2483,851,2026-07-10,Mouse,5,91937.97
2484,754,2026-01-25,Mouse,4,19831.27
2485,880,2026-06-05,Headphones,3,42802.69
2486,24,2026-07-10,Headphones,3,46161.11
2487,271,2026-01-26,Monitor,5,47404.34
2488,440,2026-03-16,Laptop,2,96705.19
2489,286,2026-05-24,Keyboard,3,90812.74
2490,519,2026-05-17,Mobile,4,2212.65
2491,746,2026-05-08,Keyboard,3,76388.69
2492,111,2026-07-02,Keyboard,2,57999.01
2493,407,2026-01-07,Tablet,2,44984.99
2494,577,2026-05-03,Laptop,3,33577.33
2495,646,2026-07-27,Laptop,1,56308.1
2496,886,2026-02-23,Keyboard,5,25371.92
2497,413,2026-02-06,Mouse,4,52578.86
2498,581,2026-08-03,Tablet,2,6363.83
2499,259,2026-05-07,Keyboard,3,74180.86
2500,155,2026-08-02,Laptop,3,69055.26
2501,417,2026-06-03,Tablet,1,27180.42
2502,774,2026-02-23,Mouse,4,54786.08
2503,983,2026-03-22,Monitor,2,32522.88
2504,495,2026-07-01,Mouse,5,85935.96
2505,84,2026-07-07,Laptop,4,70075.93
2506,131,2026-04-07,Tablet,1,16628.26
2507,125,2026-07-11,Mobile,2,44041.33
2508,117,2026-09-06,Laptop,4,49770.86
2509,823,2026-06-10,Mouse,4,14416.61
2510,561,2026-08-12,Keyboard,4,1421.22
2511,446,2026-01-31,Headphones,3,52486.77
2512,911,2026-06-07,Headphones,5,65196.96
2513,298,2026-02-06,Mouse,2,80379.97
2514,732,2026-09-01,Headphones,5,60649.52
2515,474,2026-05-01,Mobile,3,92744.42
2516,873,2026-07-04,Mobile,2,52675.66
2517,486,2026-08-01,Laptop,3,41922.14
2518,482,2026-02-08,Laptop,1,31528.13
2519,205,2026-02-18,Monitor,1,54004.28
2520,97,2026-03-26,Laptop,5,47135.06
2521,69,2026-02-10,Headphones,5,88392.65
2522,644,2026-03-30,Laptop,2,27820.77
2523,934,2026-07-30,Tablet,4,58654.6
2524,377,2026-03-20,Mouse,4,93463.64
2525,555,2026-05-24,Monitor,2,8208.87
2526,106,2026-02-09,Monitor,2,28358.56
2527,578,2026-03-09,Laptop,2,79790.01
2528,661,2026-05-31,Tablet,4,33350.94
2529,874,2026-07-17,Mouse,5,28085.13
2530,755,2026-07-26,Tablet,5,67015.44
2531,215,2026-05-02,Mobile,1,78444.81
2532,94,2026-02-25,Tablet,5,15075.92
2533,487,2026-02-12,Tablet,1,32672.12
2534,994,2026-08-18,Laptop,2,51414.67
2535,436,2026-04-23,Monitor,4,33045.39
2536,779,2026-05-09,Laptop,2,56234.44
2537,793,2026-04-07,Keyboard,4,35821.67
2538,535,2026-08-03,Headphones,5,8280.87
2539,863,2026-06-04,Mobile,2,94576.25
2540,285,2026-08-02,Monitor,2,84067.67
2541,453,2026-05-24,Keyboard,3,68694.07
2542,922,2026-05-23,Keyboard,3,18212.23
2543,375,2026-08-10,Tablet,4,77189.11
2544,746,2026-03-30,Keyboard,2,61888.93
2545,943,2026-08-13,Mobile,4,37733.48
2546,766,2026-08-27,Laptop,2,44487.02
2547,200,2026-05-15,Laptop,5,31383.87
2548,933,2026-01-25,Headphones,3,50527.94
2549,622,2026-01-04,Headphones,1,64898.2
2550,491,2026-06-14,Keyboard,1,99575.92
2551,260,2026-06-30,Headphones,1,97128.5
2552,32,2026-07-30,Tablet,4,99724.54
2553,466,2026-06-11,Keyboard,2,47608.12
2554,664,2026-08-12,Tablet,5,80839.35
2555,379,2026-01-10,Laptop,5,89479.38
2556,723,2026-02-09,Monitor,2,87155.87
2557,85,2026-02-03,Keyboard,1,6076.78
2558,728,2026-06-13,Laptop,3,10198.81
2559,285,2026-05-20,Tablet,2,65682.97
2560,18,2026-07-08,Headphones,3,89824.78
2561,928,2026-02-13,Mouse,3,51875.87
2562,681,2026-08-29,Keyboard,4,83852.81
2563,63,2026-06-21,Laptop,2,82592.23
2564,152,2026-05-09,Monitor,3,8854.89
2565,46,2026-04-24,Headphones,5,20269.0
2566,420,2026-05-10,Mobile,1,31460.87
2567,360,2026-05-24,Laptop,3,46892.1
2568,714,2026-08-03,Laptop,5,93062.15
2569,120,2026-01-23,Laptop,2,73090.26
2570,326,2026-02-17,Mouse,1,76788.9
2571,11,2026-07-21,Mobile,3,46304.74
2572,742,2026-08-13,Mobile,3,83812.18
2573,966,2026-06-14,Tablet,2,74867.14
2574,136,2026-07-08,Headphones,1,38241.39
2575,183,2026-03-15,Headphones,2,56721.48
2576,232,2026-04-16,Tablet,2,27643.54
2577,182,2026-02-21,Headphones,3,69907.04
2578,95,2026-03-09,Keyboard,3,58080.27
2579,791,2026-03-31,Monitor,5,45242.48
2580,704,2026-06-11,Tablet,2,4154.74
2581,600,2026-08-02,Keyboard,2,54025.9
2582,720,2026-02-23,Keyboard,3,64777.79
2583,816,2026-06-24,Headphones,2,34547.03
2584,516,2026-09-05,Mouse,3,9530.37
2585,216,2026-07-17,Headphones,2,47034.98
2586,945,2026-01-09,Laptop,5,66004.05
2587,487,2026-02-17,Mobile,4,58888.67
2588,578,2026-04-06,Keyboard,5,90176.85
2589,719,2026-03-24,Laptop,3,86998.25
2590,163,2026-01-03,Keyboard,4,33803.89
2591,925,2026-06-15,Laptop,2,91358.31
2592,167,2026-03-20,Keyboard,5,19022.99
2593,450,2026-01-06,Tablet,5,45916.34
2594,712,2026-05-28,Keyboard,4,47620.42
2595,259,2026-03-04,Monitor,3,60293.72
2596,695,2026-05-04,Keyboard,3,4492.83
2597,899,2026-08-26,Mobile,5,11231.6
2598,793,2026-04-20,Headphones,5,40374.64
2599,168,2026-01-08,Mouse,2,92274.18
2600,612,2026-08-15,Monitor,5,20246.98
2601,582,2026-09-06,Tablet,2,13424.14
2602,808,2026-03-27,Laptop,1,31272.72
2603,145,2026-07-16,Tablet,3,46142.0
2604,472,2026-02-12,Laptop,2,20440.45
2605,309,2026-02-14,Headphones,1,18867.07
2606,209,2026-08-08,Keyboard,1,72551.37
2607,702,2026-02-09,Mouse,3,992.01
2608,353,2026-02-10,Laptop,4,55207.99
2609,716,2026-04-11,Mobile,4,67009.47
2610,475,2026-08-01,Monitor,2,76424.09
2611,397,2026-01-25,Mobile,3,76422.91
2612,410,2026-02-04,Tablet,3,89853.12
2613,691,2026-07-29,Monitor,4,59895.42
2614,74,2026-05-17,Headphones,4,67152.73
2615,601,2026-09-06,Laptop,2,88616.02
2616,787,2026-02-15,Mobile,3,36546.9
2617,843,2026-05-09,Laptop,5,60117.43
2618,937,2026-04-12,Laptop,2,14238.95
2619,46,2026-02-18,Mobile,3,43822.36
2620,394,2026-03-28,Monitor,2,42858.28
2621,319,2026-03-14,Keyboard,4,3965.25
2622,978,2026-09-03,Keyboard,2,16772.52
2623,530,2026-06-24,Tablet,1,46759.81
2624,355,2026-01-22,Monitor,1,65758.93
2625,823,2026-04-14,Tablet,1,16507.94
2626,589,2026-02-02,Mouse,4,68786.72
2627,498,2026-01-03,Monitor,4,42534.48
2628,311,2026-01-14,Keyboard,3,74335.47
2629,619,2026-01-30,Tablet,4,50455.13
2630,485,2026-07-19,Monitor,3,84494.76
2631,374,2026-09-06,Laptop,2,98083.08
2632,778,2026-05-17,Keyboard,1,15463.53
2633,971,2026-03-28,Monitor,5,26154.74
2634,833,2026-05-12,Mouse,4,43771.36
2635,289,2026-04-29,Laptop,1,86855.72
2636,376,2026-04-28,Laptop,5,68795.57
2637,436,2026-03-06,Headphones,3,76799.96
2638,556,2026-01-07,Headphones,2,29677.35
2639,18,2026-04-17,Keyboard,3,30119.49
2640,611,2026-01-10,Laptop,3,73324.48
2641,757,2026-05-17,Keyboard,2,17935.75
2642,97,2026-05-17,Mobile,2,63475.54
2643,915,2026-04-21,Headphones,3,97199.35
2644,633,2026-06-26,Mobile,5,57122.29
2645,79,2026-01-11,Headphones,3,4309.59
2646,742,2026-06-05,Monitor,1,38500.34
2647,743,2026-09-08,Laptop,3,92780.33
2648,310,2026-07-11,Keyboard,4,2727.16
2649,765,2026-09-01,Headphones,1,83766.91
2650,989,2026-04-21,Laptop,2,57304.06
2651,631,2026-03-19,Mouse,5,85497.24
2652,711,2026-03-04,Tablet,1,37736.52
2653,221,2026-05-02,Tablet,4,27841.28
2654,797,2026-06-26,Mobile,3,50405.53
2655,620,2026-01-12,Keyboard,2,67981.72
2656,6,2026-03-11,Keyboard,2,2362.54
2657,673,2026-04-17,Mobile,3,27071.8
2658,810,2026-06-03,Monitor,3,10166.2
2659,19,2026-02-27,Monitor,3,22495.24
2660,295,2026-06-06,Monitor,5,82784.01
2661,431,2026-05-31,Monitor,5,33210.83
2662,488,2026-04-10,Mouse,1,34623.6
2663,355,2026-03-23,Tablet,4,15601.97
2664,761,2026-08-07,Keyboard,2,53457.92
2665,690,2026-02-13,Keyboard,3,40592.35
2666,873,2026-06-19,Mouse,1,63322.71
2667,354,2026-05-24,Laptop,2,74927.08
2668,379,2026-05-16,Headphones,3,75210.32
2669,691,2026-04-26,Keyboard,1,16012.1
2670,171,2026-05-30,Mouse,3,56706.8
2671,784,2026-04-17,Laptop,3,55865.73
2672,241,2026-05-06,Keyboard,5,13603.89
2673,972,2026-06-05,Tablet,1,10149.49
2674,217,2026-02-25,Laptop,5,29290.22
2675,163,2026-08-10,Tablet,4,55232.0
2676,770,2026-04-01,Mobile,4,90095.66
2677,328,2026-03-13,Tablet,3,63212.43
2678,906,2026-06-20,Monitor,3,50479.31
2679,402,2026-05-17,Mobile,4,49735.9
2680,294,2026-04-29,Tablet,4,16118.3
2681,182,2026-08-12,Keyboard,3,832.07
2682,343,2026-08-01,Tablet,4,65790.97
2683,930,2026-06-24,Laptop,4,58225.7
2684,998,2026-04-18,Keyboard,4,19293.06
2685,634,2026-01-08,Mobile,2,61165.75
2686,83,2026-05-09,Mouse,5,73348.73
2687,24,2026-08-31,Headphones,5,25369.11
2688,641,2026-05-26,Keyboard,1,95208.69
2689,761,2026-01-06,Mouse,4,55429.71
2690,198,2026-08-10,Tablet,2,46048.01
2691,896,2026-07-05,Mobile,2,47480.8
2692,944,2026-07-02,Mobile,3,13698.68
2693,916,2026-01-17,Laptop,2,57971.42
2694,251,2026-04-28,Monitor,5,44643.49
2695,816,2026-03-03,Mobile,4,50271.39
2696,823,2026-01-29,Mouse,3,87272.5
2697,164,2026-08-21,Mobile,4,72343.6
2698,8,2026-01-18,Monitor,1,68361.35
2699,888,2026-04-15,Mouse,4,86285.81
2700,802,2026-01-19,Keyboard,3,88394.03
2701,124,2026-05-18,Monitor,5,64885.39
2702,732,2026-05-17,Laptop,4,48340.35
2703,62,2026-07-05,Headphones,4,82916.62
2704,788,2026-07-05,Laptop,3,40243.23
2705,524,2026-08-26,Monitor,4,43144.56
2706,107,2026-02-01,Mobile,3,75915.07
2707,772,2026-05-29,Tablet,1,72338.42
2708,423,2026-04-04,Monitor,3,14624.03
2709,815,2026-03-04,Keyboard,2,26818.52
2710,658,2026-03-26,Monitor,1,46095.08
2711,504,2026-07-01,Tablet,2,75819.57
2712,303,2026-03-29,Monitor,4,33400.79
2713,717,2026-04-26,Headphones,5,27892.25
2714,780,2026-01-10,Mobile,2,52417.04
2715,227,2026-01-07,Headphones,5,36591.06
2716,315,2026-03-16,Monitor,2,56980.17
2717,487,2026-03-20,Monitor,4,67491.23
2718,762,2026-02-09,Tablet,2,15079.35
2719,880,2026-03-16,Keyboard,3,63857.85
2720,872,2026-01-08,Mobile,5,30644.18
2721,13,2026-05-30,Headphones,3,72253.37
2722,892,2026-07-10,Mouse,4,47958.95
2723,175,2026-08-19,Headphones,2,58919.97
2724,322,2026-05-09,Mouse,3,38108.88
2725,497,2026-08-26,Monitor,2,87142.83
2726,180,2026-05-04,Keyboard,4,1916.14
2727,67,2026-08-31,Headphones,2,31276.17
2728,154,2026-02-27,Headphones,5,77912.43
2729,123,2026-07-22,Monitor,2,35971.9
2730,584,2026-04-28,Monitor,1,84077.73
2731,839,2026-08-05,Tablet,5,89864.4
2732,208,2026-07-09,Headphones,1,40149.88
2733,975,2026-01-26,Headphones,5,7186.17
2734,985,2026-05-22,Mouse,5,87325.25
2735,818,2026-09-06,Laptop,4,56886.87
2736,251,2026-03-05,Headphones,2,69125.05
2737,879,2026-06-16,Mobile,2,69118.93
2738,182,2026-04-27,Laptop,5,26943.45
2739,94,2026-03-13,Monitor,2,73467.06
2740,66,2026-08-23,Mobile,5,30624.71
2741,234,2026-02-23,Mobile,5,76287.21
2742,476,2026-05-03,Laptop,5,88223.25
2743,327,2026-01-14,Tablet,1,20044.37
2744,453,2026-01-30,Laptop,4,20140.93
2745,604,2026-05-19,Mobile,5,48979.45
2746,10,2026-05-26,Mouse,4,86183.34
2747,738,2026-01-29,Keyboard,2,59099.29
2748,630,2026-06-12,Tablet,4,99227.65
2749,773,2026-03-06,Keyboard,5,27438.95
2750,181,2026-06-11,Headphones,5,48586.33
2751,975,2026-03-14,Monitor,3,26787.89
2752,255,2026-05-17,Headphones,3,67945.33
2753,317,2026-05-09,Monitor,4,11591.27
2754,969,2026-07-13,Mobile,4,1148.47
2755,998,2026-08-17,Mouse,4,49830.9
2756,68,2026-02-15,Tablet,4,67461.13
2757,948,2026-01-25,Tablet,4,34571.96
2758,552,2026-06-25,Tablet,2,19762.75
2759,782,2026-01-28,Mobile,2,31066.43
2760,328,2026-03-20,Tablet,5,47451.63
2761,308,2026-06-25,Mouse,2,57315.34
2762,332,2026-02-09,Mobile,2,76756.54
2763,176,2026-07-21,Tablet,2,61207.26
2764,334,2026-02-10,Mouse,4,65522.32
2765,427,2026-07-21,Tablet,3,23258.0
2766,484,2026-03-09,Tablet,3,37393.72
2767,342,2026-03-20,Monitor,3,83008.51
2768,461,2026-03-22,Headphones,4,56547.0
2769,428,2026-07-15,Laptop,4,6003.09
2770,363,2026-04-15,Monitor,2,97511.08
2771,281,2026-07-16,Laptop,2,21256.6
2772,263,2026-07-03,Headphones,3,2856.06
2773,810,2026-04-20,Keyboard,3,56027.78
2774,205,2026-07-09,Tablet,2,61946.81
2775,877,2026-04-23,Headphones,1,7905.48
2776,334,2026-02-11,Monitor,4,94178.67
2777,482,2026-06-01,Laptop,4,68936.2
2778,724,2026-08-21,Keyboard,2,28374.19
2779,601,2026-06-05,Keyboard,1,10593.27
2780,351,2026-06-13,Headphones,5,37260.16
2781,292,2026-08-25,Laptop,4,13861.33
2782,76,2026-07-11,Headphones,4,82518.91
2783,155,2026-08-12,Mouse,3,57621.77
2784,91,2026-05-24,Keyboard,2,33120.29
2785,782,2026-05-20,Monitor,3,55889.11
2786,299,2026-07-29,Monitor,1,14476.52
2787,70,2026-07-17,Tablet,3,95741.41
2788,927,2026-04-03,Tablet,4,74853.68
2789,189,2026-02-24,Headphones,4,23154.39
2790,342,2026-04-03,Mobile,3,25908.1
2791,956,2026-07-11,Laptop,2,12359.45
2792,438,2026-04-16,Keyboard,4,79910.65
2793,542,2026-08-01,Laptop,5,37660.7
2794,448,2026-05-25,Laptop,5,87371.55
2795,810,2026-03-25,Mouse,4,28623.32
2796,650,2026-03-27,Laptop,1,56748.03
2797,572,2026-09-07,Tablet,1,53410.36
2798,526,2026-07-24,Tablet,1,57605.56
2799,625,2026-04-30,Monitor,2,75314.78
2800,701,2026-07-16,Keyboard,3,46838.66
2801,902,2026-08-16,Monitor,2,65219.15
2802,187,2026-01-19,Monitor,5,34311.07
2803,800,2026-05-16,Monitor,4,88995.0
2804,589,2026-04-13,Headphones,1,62557.13
2805,20,2026-04-10,Laptop,2,32577.24
2806,266,2026-02-08,Tablet,2,58645.46
2807,335,2026-07-16,Mouse,4,65534.46
2808,789,2026-02-21,Tablet,5,92572.98
2809,902,2026-08-17,Monitor,5,15684.18
2810,152,2026-07-17,Mobile,3,18567.88
2811,547,2026-01-07,Mouse,1,78056.59
2812,357,2026-05-19,Laptop,3,87120.33
2813,236,2026-08-26,Monitor,2,20569.29
2814,435,2026-02-11,Headphones,2,93662.08
2815,791,2026-02-25,Headphones,1,14162.56
2816,968,2026-08-19,Keyboard,1,83498.65
2817,27,2026-04-07,Keyboard,2,38351.45
2818,450,2026-04-25,Keyboard,2,20960.41
2819,605,2026-04-08,Tablet,1,9738.76
2820,519,2026-02-14,Mouse,5,12609.52
2821,215,2026-07-13,Laptop,4,74193.88
2822,768,2026-04-02,Headphones,4,19502.62
2823,819,2026-01-24,Mouse,3,48058.91
2824,115,2026-05-11,Keyboard,1,1221.93
2825,431,2026-07-25,Keyboard,1,35790.77
2826,318,2026-08-31,Tablet,1,43697.81
2827,668,2026-08-06,Headphones,2,99970.8
2828,667,2026-01-22,Monitor,4,87656.21
2829,975,2026-01-05,Headphones,3,5014.26
2830,255,2026-08-05,Mobile,5,1422.76
2831,160,2026-05-13,Mobile,4,76347.64
2832,611,2026-01-16,Tablet,2,86701.33
2833,301,2026-06-19,Headphones,5,41780.2
2834,430,2026-02-10,Mobile,2,93661.01
2835,156,2026-09-05,Monitor,2,36824.27
2836,113,2026-08-25,Tablet,2,3483.02
2837,314,2026-02-22,Keyboard,3,90943.59
2838,637,2026-03-09,Headphones,1,78435.26
2839,30,2026-03-26,Keyboard,1,73627.61
2840,936,2026-02-06,Keyboard,1,54177.75
2841,613,2026-07-15,Monitor,5,17389.15
2842,16,2026-01-26,Headphones,2,9666.33
2843,116,2026-01-17,Keyboard,4,98345.19
2844,920,2026-08-08,Mouse,4,13873.34
2845,829,2026-06-04,Monitor,1,31487.37
2846,922,2026-05-01,Headphones,2,32626.21
2847,375,2026-05-19,Mouse,1,48040.09
2848,852,2026-07-11,Tablet,5,20030.57
2849,528,2026-02-26,Mobile,2,22942.41
2850,762,2026-01-22,Laptop,4,28588.83
2851,108,2026-06-07,Mobile,2,25441.73
2852,676,2026-07-06,Headphones,3,71190.82
2853,685,2026-04-29,Mouse,5,51931.98
2854,274,2026-08-15,Tablet,2,33130.43
2855,678,2026-04-06,Mobile,5,73772.83
2856,36,2026-08-06,Monitor,4,63372.08
2857,203,2026-07-23,Mobile,1,14723.97
2858,856,2026-01-09,Tablet,2,16607.58
2859,12,2026-03-24,Mouse,4,48642.56
2860,193,2026-03-30,Monitor,5,40862.86
2861,465,2026-02-24,Mouse,3,54815.0
2862,763,2026-01-31,Headphones,5,92426.62
2863,914,2026-03-28,Mobile,3,34427.81
2864,500,2026-08-12,Tablet,5,45903.44
2865,685,2026-01-25,Tablet,3,76445.3
2866,65,2026-03-09,Tablet,3,42938.19
2867,988,2026-01-07,Mouse,2,9911.06
2868,469,2026-09-07,Tablet,1,12467.64
2869,303,2026-07-02,Mobile,3,31049.53
2870,567,2026-04-22,Laptop,5,18669.93
2871,964,2026-07-29,Mouse,2,14599.99
2872,228,2026-06-24,Tablet,1,20268.37
2873,363,2026-07-10,Mouse,5,78103.8
2874,881,2026-05-25,Mouse,5,5176.02
2875,372,2026-05-17,Mouse,2,69522.63
2876,171,2026-05-16,Headphones,2,10463.74
2877,651,2026-02-12,Monitor,5,23012.62
2878,770,2026-08-27,Monitor,2,54311.75
2879,625,2026-09-02,Keyboard,2,28202.93
2880,993,2026-09-03,Keyboard,3,39282.35
2881,996,2026-05-14,Keyboard,4,47066.41
2882,739,2026-02-04,Headphones,1,7949.61
2883,570,2026-07-01,Monitor,3,21271.1
2884,628,2026-07-07,Mouse,1,6392.61
2885,144,2026-04-16,Mobile,4,82332.9
2886,996,2026-07-15,Tablet,2,39428.21
2887,662,2026-02-10,Keyboard,4,59345.93
2888,855,2026-03-05,Headphones,1,23017.35
2889,283,2026-08-31,Mobile,4,12785.41
2890,600,2026-07-09,Monitor,2,20980.19
2891,689,2026-02-06,Headphones,3,1571.52
2892,534,2026-01-31,Headphones,5,10709.91
2893,613,2026-06-10,Keyboard,2,66211.93
2894,842,2026-03-18,Laptop,5,74419.72
2895,158,2026-04-27,Laptop,3,87585.93
2896,42,2026-09-01,Keyboard,3,11727.34
2897,437,2026-04-30,Mouse,2,87686.11
2898,887,2026-06-27,Tablet,4,75966.72
2899,536,2026-02-27,Laptop,1,99761.73
2900,983,2026-06-04,Mouse,3,24508.61
2901,681,2026-08-06,Keyboard,4,42456.57
2902,108,2026-06-13,Tablet,3,84311.34
2903,283,2026-07-07,Headphones,5,33218.55
2904,857,2026-06-20,Headphones,3,8767.79
2905,731,2026-01-26,Tablet,4,24653.05
2906,227,2026-05-07,Mouse,4,66730.03
2907,800,2026-01-27,Tablet,4,56286.74
2908,580,2026-08-03,Keyboard,5,52137.2
2909,684,2026-08-25,Keyboard,1,60365.4
2910,859,2026-06-01,Tablet,1,57774.74
2911,990,2026-01-31,Tablet,2,36389.73
2912,727,2026-06-22,Mouse,4,81620.71
2913,763,2026-07-03,Laptop,3,64885.3
2914,873,2026-04-23,Keyboard,5,86409.42
2915,963,2026-01-10,Keyboard,4,67072.3
2916,222,2026-01-07,Mouse,2,2902.37
2917,337,2026-08-31,Laptop,3,92106.63
2918,30,2026-07-25,Monitor,4,85018.29
2919,368,2026-03-06,Tablet,3,35561.66
2920,255,2026-09-05,Headphones,4,78479.13
2921,470,2026-03-25,Monitor,3,76976.81
2922,215,2026-02-11,Mouse,5,65004.55
2923,411,2026-07-09,Tablet,3,78206.34
2924,865,2026-02-14,Keyboard,1,33709.45
2925,552,2026-06-07,Monitor,2,31995.15
2926,104,2026-03-20,Monitor,1,64125.45
2927,637,2026-03-22,Keyboard,2,75778.17
2928,272,2026-02-21,Tablet,4,35384.09
2929,449,2026-07-26,Headphones,2,95951.18
2930,17,2026-03-24,Laptop,2,58393.76
2931,519,2026-08-21,Monitor,5,29972.27
2932,552,2026-05-24,Mobile,4,62037.86
2933,204,2026-01-20,Laptop,1,71310.72
2934,898,2026-08-23,Monitor,4,85294.78
2935,734,2026-02-07,Headphones,5,35703.07
2936,944,2026-02-04,Keyboard,1,84578.44
2937,835,2026-07-08,Tablet,3,61535.29
2938,85,2026-09-06,Headphones,2,44532.34
2939,252,2026-01-11,Mouse,2,66918.37
2940,27,2026-03-12,Keyboard,2,83408.17
2941,252,2026-02-26,Mobile,4,64965.56
2942,149,2026-02-25,Laptop,3,24746.18
2943,879,2026-01-06,Mouse,4,83874.11
2944,570,2026-04-17,Mouse,5,19627.79
2945,869,2026-02-17,Mouse,5,40261.88
2946,910,2026-05-28,Keyboard,3,70821.22
2947,823,2026-04-04,Tablet,3,43415.81
2948,922,2026-04-04,Mobile,3,54266.73
2949,982,2026-01-20,Monitor,2,32505.42
2950,720,2026-07-31,Mobile,5,58106.37
2951,940,2026-01-25,Tablet,5,70981.21
2952,322,2026-05-18,Laptop,5,23168.53
2953,735,2026-03-31,Monitor,5,82197.21
2954,477,2026-02-27,Headphones,5,83743.03
2955,634,2026-04-28,Keyboard,4,59310.76
2956,977,2026-01-17,Mobile,1,56215.89
2957,666,2026-05-24,Laptop,3,47924.33
2958,152,2026-06-30,Laptop,3,7008.57
2959,283,2026-07-04,Mouse,3,94761.44
2960,29,2026-07-06,Monitor,5,49335.58
2961,783,2026-06-30,Mobile,4,21912.81
2962,318,2026-04-26,Mouse,3,33388.06
2963,818,2026-05-26,Mouse,4,14851.19
2964,698,2026-05-19,Mouse,3,86342.04
2965,625,2026-09-06,Laptop,3,58951.04
2966,73,2026-07-18,Mouse,1,53212.31
2967,166,2026-07-06,Monitor,2,25255.55
2968,793,2026-06-03,Tablet,2,83656.07
2969,665,2026-01-08,Keyboard,1,33513.12
2970,969,2026-01-25,Keyboard,5,70242.4
2971,397,2026-06-25,Tablet,4,38438.43
2972,142,2026-05-02,Tablet,3,18707.47
2973,364,2026-03-21,Mobile,4,87966.92
2974,93,2026-05-08,Mobile,3,40442.06
2975,360,2026-02-28,Monitor,1,34302.16
2976,97,2026-07-12,Mouse,3,2529.88
2977,63,2026-06-05,Mouse,1,68429.65
2978,173,2026-01-25,Laptop,5,1751.56
2979,394,2026-03-25,Headphones,1,80103.8
2980,577,2026-05-26,Headphones,1,95593.31
2981,652,2026-02-18,Mouse,4,18587.78
2982,1000,2026-02-25,Headphones,1,87273.66
2983,159,2026-08-22,Mouse,3,57611.51
2984,452,2026-08-17,Monitor,2,50979.21
2985,839,2026-07-28,Keyboard,1,62397.22
2986,551,2026-08-28,Tablet,1,80816.88
2987,958,2026-03-21,Headphones,1,35230.88
2988,605,2026-02-16,Mouse,2,90072.94
2989,198,2026-05-08,Mouse,2,99735.52
2990,346,2026-08-24,Keyboard,5,83261.13
2991,459,2026-07-20,Laptop,5,7013.63
2992,375,2026-03-05,Mobile,2,96058.51
2993,193,2026-05-06,Tablet,4,4638.24
2994,939,2026-01-16,Keyboard,5,10328.65
2995,94,2026-05-14,Monitor,3,91230.77
2996,589,2026-05-25,Monitor,5,52406.45
2997,560,2026-07-13,Monitor,2,28614.88
2998,459,2026-02-04,Tablet,2,29649.44
2999,437,2026-06-10,Keyboard,4,38018.16
3000,25,2026-05-06,Keyboard,1,32490.69
3001,625,2026-05-04,Keyboard,3,50012.65
3002,790,2026-07-21,Headphones,1,52991.24
3003,193,2026-01-11,Laptop,3,89263.21
3004,922,2026-07-11,Mouse,5,17749.2
3005,757,2026-03-22,Laptop,5,3282.33
3006,311,2026-09-05,Keyboard,2,35500.68
3007,54,2026-05-18,Tablet,4,73984.74
3008,870,2026-05-15,Mobile,5,37396.98
3009,46,2026-06-28,Mobile,1,45994.76
3010,914,2026-02-17,Mobile,3,7759.87
3011,508,2026-02-22,Mobile,5,64221.9
3012,47,2026-01-04,Keyboard,2,90081.91
3013,947,2026-01-30,Headphones,1,90487.38
3014,834,2026-06-18,Tablet,3,98448.0
3015,847,2026-04-10,Mobile,3,91799.58
3016,46,2026-04-13,Mobile,2,60075.79
3017,685,2026-06-09,Headphones,4,68199.37
3018,885,2026-07-01,Monitor,3,20885.19
3019,670,2026-08-13,Monitor,3,41215.74
3020,426,2026-01-03,Tablet,4,38024.61
3021,923,2026-08-04,Mobile,4,25715.84
3022,642,2026-01-03,Monitor,4,4659.04
3023,460,2026-07-16,Mobile,2,7517.17
3024,119,2026-01-30,Mobile,4,7116.78
3025,336,2026-05-18,Mobile,3,95554.06
3026,953,2026-07-03,Monitor,4,28838.28
3027,292,2026-03-15,Tablet,5,26519.17
3028,123,2026-07-14,Keyboard,2,95045.8
3029,867,2026-05-23,Keyboard,2,13147.95
3030,481,2026-01-10,Keyboard,1,11584.96
3031,854,2026-01-10,Keyboard,2,8819.0
3032,826,2026-06-27,Laptop,2,43876.89
3033,449,2026-04-05,Monitor,2,44481.37
3034,43,2026-07-16,Monitor,5,76795.62
3035,787,2026-02-18,Mobile,3,4853.91
3036,972,2026-01-04,Mobile,3,86019.01
3037,944,2026-03-06,Mobile,3,46472.52
3038,660,2026-08-19,Laptop,4,38313.42
3039,299,2026-08-31,Mouse,1,22910.94
3040,200,2026-06-10,Headphones,4,3018.31
3041,72,2026-04-23,Tablet,2,60365.18
3042,571,2026-03-15,Mobile,2,54938.77
3043,59,2026-03-23,Laptop,1,41287.45
3044,18,2026-05-17,Mouse,2,72545.9
3045,380,2026-03-24,Laptop,2,90201.2
3046,240,2026-06-25,Laptop,4,840.38
3047,834,2026-01-15,Keyboard,5,12404.39
3048,781,2026-02-27,Monitor,1,56582.06
3049,21,2026-01-19,Monitor,4,93752.49
3050,396,2026-06-15,Headphones,5,38983.33
3051,767,2026-08-22,Mobile,4,61454.55
3052,652,2026-03-30,Keyboard,4,91982.94
3053,466,2026-02-09,Mouse,3,22772.06
3054,653,2026-03-15,Monitor,2,96322.45
3055,264,2026-04-10,Mobile,3,74130.55
3056,825,2026-04-21,Headphones,2,4734.21
3057,728,2026-04-16,Mouse,2,98755.19
3058,861,2026-02-02,Monitor,3,21206.04
3059,432,2026-04-14,Keyboard,4,73478.2
3060,976,2026-04-24,Keyboard,4,36674.25
3061,682,2026-03-25,Keyboard,2,72469.12
3062,252,2026-02-22,Mobile,2,57054.47
3063,895,2026-08-31,Monitor,5,36659.78
3064,562,2026-04-29,Tablet,4,37794.26
3065,219,2026-03-20,Keyboard,2,47288.13
3066,668,2026-05-19,Keyboard,3,90515.27
3067,794,2026-09-02,Tablet,5,41505.73
3068,223,2026-02-21,Headphones,5,89047.5
3069,394,2026-06-18,Mouse,4,18441.37
3070,25,2026-04-24,Monitor,2,38904.08
3071,177,2026-06-20,Headphones,5,77039.38
3072,412,2026-06-14,Mouse,2,15492.98
3073,480,2026-03-23,Mobile,2,76380.72
3074,324,2026-05-05,Mouse,5,53293.52
3075,897,2026-06-10,Laptop,1,78802.74
3076,22,2026-01-22,Laptop,1,33485.11
3077,321,2026-01-24,Headphones,2,74486.64
3078,219,2026-09-03,Headphones,1,36612.54
3079,324,2026-08-21,Mouse,4,47771.19
3080,180,2026-06-30,Headphones,3,10599.2
3081,164,2026-05-24,Mobile,2,41810.99
3082,933,2026-05-17,Mouse,4,16248.9
3083,644,2026-05-22,Keyboard,3,69151.39
3084,256,2026-08-20,Laptop,2,90963.89
3085,774,2026-01-25,Laptop,2,88083.06
3086,389,2026-05-02,Keyboard,2,76830.24
3087,705,2026-05-31,Tablet,3,93128.75
3088,586,2026-05-30,Mobile,4,89451.81
3089,504,2026-09-06,Monitor,5,34710.97
3090,88,2026-03-28,Headphones,1,18134.93
3091,308,2026-06-09,Monitor,4,91718.02
3092,958,2026-01-29,Tablet,2,96176.72
3093,300,2026-03-24,Monitor,1,35793.83
3094,507,2026-07-24,Laptop,5,89159.25
3095,174,2026-04-17,Headphones,3,19606.3
3096,533,2026-03-13,Laptop,4,32197.47
3097,54,2026-02-12,Monitor,2,70201.23
3098,460,2026-03-09,Keyboard,3,4525.35
3099,778,2026-07-11,Monitor,4,66111.35
3100,565,2026-03-27,Laptop,2,87267.98
3101,640,2026-08-26,Laptop,5,2411.61
3102,205,2026-04-08,Keyboard,4,39145.51
3103,689,2026-06-27,Headphones,4,33895.67
3104,525,2026-07-25,Tablet,4,41015.91
3105,136,2026-03-29,Headphones,3,55462.07
3106,289,2026-05-06,Headphones,1,91379.06
3107,688,2026-08-24,Laptop,3,86217.17
3108,117,2026-08-18,Laptop,2,80719.55
3109,249,2026-01-28,Laptop,2,37652.13
3110,586,2026-02-09,Tablet,2,77998.23
3111,78,2026-08-10,Laptop,1,73782.1
3112,892,2026-03-29,Mouse,1,16046.26
3113,989,2026-06-10,Tablet,4,63284.79
3114,805,2026-03-26,Monitor,1,61450.24
3115,722,2026-01-15,Mobile,2,91841.22
3116,84,2026-08-26,Mobile,1,71966.31
3117,4,2026-01-24,Keyboard,2,21416.79
3118,82,2026-07-03,Keyboard,3,62732.45
3119,488,2026-02-19,Tablet,2,70969.64
3120,620,2026-05-07,Monitor,2,47186.44
3121,693,2026-07-07,Mouse,1,44530.37
3122,7,2026-05-10,Laptop,2,97431.94
3123,148,2026-03-09,Mouse,5,97286.01
3124,127,2026-06-29,Monitor,1,19225.75
3125,330,2026-08-06,Tablet,2,16661.15
3126,857,2026-06-12,Mouse,3,60354.62
3127,656,2026-05-10,Headphones,2,42939.07
3128,354,2026-07-31,Monitor,2,53289.81
3129,912,2026-06-17,Monitor,3,28504.19
3130,67,2026-02-11,Laptop,1,49645.34
3131,751,2026-08-20,Laptop,5,75687.19
3132,82,2026-04-21,Monitor,4,1693.89
3133,691,2026-07-10,Laptop,3,59019.79
3134,937,2026-08-23,Headphones,5,67980.46
3135,583,2026-01-17,Headphones,3,45353.3
3136,831,2026-07-10,Keyboard,3,50219.65
3137,501,2026-07-15,Headphones,5,99910.19
3138,234,2026-02-18,Mouse,2,4748.6
3139,420,2026-04-01,Keyboard,4,32774.59
3140,867,2026-07-23,Keyboard,4,86933.89
3141,464,2026-04-29,Mobile,2,73916.99
3142,430,2026-04-09,Laptop,2,78932.4
3143,892,2026-04-08,Monitor,2,40242.12
3144,445,2026-01-04,Tablet,2,15528.35
3145,189,2026-08-31,Mobile,1,2130.74
3146,154,2026-05-01,Headphones,3,20176.77
3147,402,2026-05-08,Mobile,3,83062.93
3148,563,2026-08-07,Headphones,2,19399.63
3149,742,2026-06-05,Keyboard,4,43793.2
3150,164,2026-08-07,Keyboard,1,35660.26
3151,69,2026-01-28,Headphones,4,60977.86
3152,241,2026-02-06,Mouse,4,80460.39
3153,503,2026-04-17,Laptop,3,63335.11
3154,646,2026-03-28,Headphones,5,43185.24
3155,614,2026-02-01,Mobile,5,28548.76
3156,383,2026-07-05,Tablet,2,37271.97
3157,485,2026-09-06,Laptop,1,44984.28
3158,253,2026-04-17,Mobile,3,68984.04
3159,893,2026-08-21,Headphones,4,78787.21
3160,349,2026-05-23,Mouse,3,69983.79
3161,131,2026-08-19,Headphones,5,97128.0
3162,726,2026-02-28,Mouse,5,24083.28
3163,256,2026-07-29,Keyboard,5,47240.38
3164,321,2026-01-05,Mouse,1,38722.26
3165,639,2026-02-07,Headphones,1,53158.94
3166,618,2026-04-29,Monitor,3,7159.08
3167,797,2026-04-10,Mobile,3,71334.81
3168,869,2026-04-04,Tablet,1,47637.82
3169,649,2026-02-27,Laptop,3,35938.79
3170,495,2026-06-08,Mouse,2,78476.58
3171,328,2026-09-02,Keyboard,3,60674.72
3172,205,2026-05-18,Tablet,2,95793.71
3173,620,2026-06-02,Laptop,3,73475.28
3174,907,2026-07-08,Mobile,5,79985.43
3175,255,2026-03-14,Tablet,4,42587.64
3176,874,2026-07-29,Laptop,3,26468.29
3177,304,2026-02-06,Laptop,1,65337.68
3178,432,2026-07-15,Laptop,3,46761.48
3179,152,2026-08-21,Keyboard,4,55748.8
3180,455,2026-06-02,Tablet,3,11220.61
3181,467,2026-03-12,Headphones,2,70776.52
3182,292,2026-04-27,Mobile,5,13289.3
3183,18,2026-09-02,Laptop,1,86839.9
3184,489,2026-05-22,Headphones,2,31869.24
3185,385,2026-07-04,Mouse,1,63074.59
3186,332,2026-06-15,Keyboard,2,32997.74
3187,779,2026-08-03,Laptop,3,32739.41
3188,583,2026-07-13,Laptop,5,6057.99
3189,731,2026-07-03,Mobile,4,6855.85
3190,144,2026-01-18,Mobile,1,52516.67
3191,731,2026-08-29,Mobile,1,75588.63
3192,366,2026-09-06,Headphones,1,41557.86
3193,72,2026-07-12,Keyboard,4,54738.58
3194,427,2026-05-15,Monitor,4,69611.37
3195,843,2026-05-21,Laptop,2,45125.57
3196,782,2026-01-30,Tablet,3,23125.92
3197,661,2026-01-15,Monitor,5,2910.41
3198,864,2026-06-14,Monitor,2,48129.98
3199,225,2026-01-11,Tablet,2,95021.62
3200,892,2026-09-02,Mobile,5,32286.17
3201,775,2026-04-10,Monitor,4,2415.95
3202,297,2026-07-15,Keyboard,1,67129.39
3203,425,2026-06-28,Mouse,1,4492.94
3204,37,2026-05-31,Mobile,2,58482.55
3205,358,2026-01-02,Monitor,1,58367.53
3206,522,2026-04-05,Tablet,2,40019.56
3207,550,2026-02-08,Laptop,5,28501.01
3208,384,2026-05-23,Mouse,4,16406.4
3209,773,2026-02-21,Mouse,3,33781.33
3210,920,2026-03-25,Headphones,4,12357.18
3211,463,2026-03-15,Laptop,4,60535.1
3212,688,2026-06-16,Mouse,4,20856.71
3213,43,2026-01-29,Keyboard,1,74409.93
3214,211,2026-08-12,Mobile,5,73702.4
3215,853,2026-03-18,Monitor,2,88721.89
3216,311,2026-07-29,Headphones,4,5909.57
3217,236,2026-06-10,Mouse,3,22072.2
3218,318,2026-01-07,Laptop,2,83043.93
3219,342,2026-08-09,Mobile,4,94706.11
3220,738,2026-04-10,Headphones,4,98430.83
3221,772,2026-06-04,Mobile,4,48277.47
3222,293,2026-06-02,Tablet,2,8228.58
3223,906,2026-01-28,Laptop,1,62118.04
3224,12,2026-08-08,Headphones,1,30692.93
3225,747,2026-04-08,Mouse,2,10174.65
3226,221,2026-04-05,Monitor,2,97108.55
3227,898,2026-07-09,Headphones,1,28357.88
3228,23,2026-06-17,Headphones,1,89902.91
3229,146,2026-03-19,Headphones,4,93047.51
3230,820,2026-08-16,Mobile,1,91980.93
3231,976,2026-07-10,Monitor,1,88088.91
3232,488,2026-08-27,Mobile,1,11702.38
3233,241,2026-07-05,Keyboard,5,69644.4
3234,277,2026-03-11,Laptop,5,48232.64
3235,709,2026-07-07,Mobile,2,6983.2
3236,387,2026-06-23,Laptop,1,49993.63
3237,477,2026-08-01,Keyboard,2,97304.26
3238,919,2026-05-28,Laptop,1,95963.17
3239,288,2026-08-13,Monitor,3,72027.65
3240,822,2026-02-21,Headphones,1,67288.63
3241,893,2026-09-04,Mobile,2,69122.68
3242,2,2026-07-27,Monitor,1,87415.33
3243,878,2026-08-02,Keyboard,5,95238.57
3244,811,2026-05-06,Mobile,1,29008.45
3245,613,2026-01-23,Headphones,4,82161.06
3246,168,2026-05-20,Headphones,3,72756.76
3247,150,2026-05-19,Headphones,3,40996.66
3248,412,2026-05-29,Headphones,4,98359.52
3249,300,2026-07-16,Mobile,4,67733.21
3250,369,2026-04-15,Keyboard,1,60414.11
3251,141,2026-08-15,Headphones,3,64723.68
3252,772,2026-04-26,Mouse,2,89029.22
3253,519,2026-03-29,Tablet,2,60079.86
3254,648,2026-05-19,Tablet,2,85184.24
3255,143,2026-05-27,Tablet,2,82556.21
3256,84,2026-04-12,Tablet,4,88131.94
3257,558,2026-05-09,Laptop,5,10829.62
3258,261,2026-01-02,Mouse,2,74101.27
3259,727,2026-06-25,Tablet,3,49173.41
3260,750,2026-03-25,Tablet,3,55070.85
3261,536,2026-04-12,Monitor,4,22297.61
3262,768,2026-03-31,Keyboard,1,22968.57
3263,465,2026-06-14,Mobile,2,71762.09
3264,813,2026-08-17,Mouse,1,49772.69
3265,74,2026-08-23,Monitor,3,24562.42
3266,311,2026-04-14,Tablet,2,54425.7
3267,975,2026-01-25,Tablet,2,2838.81
3268,303,2026-01-08,Laptop,2,18978.55
3269,697,2026-07-18,Laptop,1,25716.67
3270,122,2026-09-01,Keyboard,3,66327.71
3271,715,2026-01-03,Mouse,3,34645.37
3272,214,2026-04-06,Headphones,4,62116.15
3273,490,2026-08-24,Monitor,5,59536.95
3274,504,2026-06-23,Laptop,4,32303.37
3275,262,2026-01-08,Monitor,4,86186.9
3276,771,2026-04-09,Mouse,1,42558.82
3277,636,2026-05-31,Headphones,4,99466.51
3278,40,2026-04-08,Keyboard,1,47749.74
3279,95,2026-05-20,Laptop,2,72565.72
3280,647,2026-07-03,Laptop,4,38295.19
3281,248,2026-03-28,Mouse,4,3917.04
3282,566,2026-03-21,Tablet,4,22047.26
3283,98,2026-04-16,Laptop,2,59546.19
3284,800,2026-06-22,Laptop,5,44720.78
3285,186,2026-05-09,Keyboard,3,69864.54
3286,821,2026-04-10,Mouse,1,25693.83
3287,715,2026-01-31,Mouse,4,17804.91
3288,301,2026-04-26,Tablet,2,4461.74
3289,340,2026-06-03,Keyboard,1,68837.33
3290,858,2026-09-05,Laptop,2,48473.55
3291,6,2026-03-05,Keyboard,2,77360.04
3292,310,2026-01-12,Mobile,2,34337.01
3293,598,2026-06-24,Tablet,4,23258.89
3294,828,2026-04-24,Monitor,1,10603.0
3295,136,2026-02-05,Monitor,5,56495.69
3296,509,2026-04-23,Headphones,4,2543.49
3297,920,2026-05-15,Monitor,3,63665.78
3298,429,2026-01-28,Keyboard,1,28250.77
3299,719,2026-05-23,Keyboard,1,6984.95
3300,899,2026-03-09,Monitor,3,47725.24
3301,942,2026-05-10,Mobile,2,12540.58
3302,89,2026-02-11,Mouse,2,66631.77
3303,676,2026-04-25,Mouse,3,55958.16
3304,69,2026-05-03,Tablet,2,58420.99
3305,574,2026-01-30,Laptop,2,20643.5
3306,137,2026-03-18,Monitor,4,1613.77
3307,523,2026-01-16,Tablet,1,11718.88
3308,273,2026-06-20,Mouse,5,1381.32
3309,831,2026-08-14,Mobile,3,92112.8
3310,492,2026-08-09,Tablet,2,19272.37
3311,490,2026-05-02,Keyboard,2,10355.18
3312,567,2026-04-10,Monitor,5,85939.93
3313,150,2026-01-19,Monitor,2,85855.64
3314,882,2026-02-07,Tablet,1,48030.0
3315,580,2026-01-19,Mobile,2,62880.62
3316,860,2026-04-16,Monitor,3,93792.05
3317,269,2026-07-31,Keyboard,1,75360.91
3318,892,2026-01-11,Headphones,4,3252.69
3319,744,2026-06-21,Headphones,4,45257.92
3320,888,2026-08-03,Mobile,2,48196.9
3321,810,2026-09-01,Mouse,4,64781.08
3322,651,2026-07-13,Mobile,2,60098.4
3323,510,2026-03-15,Tablet,1,43557.78
3324,428,2026-01-08,Laptop,5,8941.85
3325,796,2026-08-17,Mobile,1,37267.35
3326,288,2026-04-11,Keyboard,3,30697.94
3327,620,2026-05-18,Headphones,3,85610.2
3328,524,2026-05-01,Keyboard,4,75863.06
3329,705,2026-08-03,Mouse,5,92383.67
3330,614,2026-06-04,Monitor,5,14158.1
3331,94,2026-03-28,Monitor,4,97535.05
3332,530,2026-05-17,Mouse,1,25533.5
3333,957,2026-03-10,Headphones,3,59646.16
3334,321,2026-02-28,Headphones,2,56818.48
3335,996,2026-03-31,Headphones,2,82660.65
3336,693,2026-05-13,Keyboard,3,26759.06
3337,686,2026-04-19,Monitor,2,76947.25
3338,806,2026-08-16,Mobile,3,19401.62
3339,371,2026-06-25,Monitor,5,55513.87
3340,818,2026-02-22,Keyboard,5,52251.21
3341,742,2026-01-31,Monitor,3,64040.24
3342,613,2026-02-22,Tablet,3,18716.24
3343,830,2026-06-15,Keyboard,3,24940.56
3344,735,2026-05-04,Headphones,5,46178.38
3345,150,2026-03-29,Headphones,5,7669.0
3346,990,2026-02-01,Keyboard,5,98394.82
3347,69,2026-01-01,Mobile,3,92816.67
3348,958,2026-04-27,Mouse,5,82205.24
3349,582,2026-05-11,Keyboard,2,26937.27
3350,644,2026-04-20,Keyboard,5,11253.88
3351,397,2026-04-22,Headphones,1,14402.87
3352,371,2026-02-01,Tablet,1,4582.94
3353,285,2026-01-18,Laptop,5,53754.65
3354,803,2026-02-02,Laptop,4,20886.83
3355,677,2026-08-17,Mouse,1,1480.68
3356,640,2026-03-28,Monitor,3,28776.72
3357,237,2026-03-03,Mobile,5,60564.3
3358,274,2026-07-12,Mouse,3,84156.42
3359,24,2026-02-08,Mouse,5,32013.42
3360,176,2026-02-26,Tablet,4,20712.55
3361,18,2026-06-07,Mobile,1,57338.41
3362,998,2026-06-07,Headphones,4,12894.05
3363,866,2026-03-05,Keyboard,2,24581.44
3364,170,2026-06-06,Mobile,2,28307.33
3365,245,2026-01-01,Monitor,3,43801.73
3366,615,2026-08-09,Tablet,4,44893.44
3367,103,2026-03-01,Tablet,1,41149.19
3368,454,2026-04-24,Mobile,4,85133.34
3369,390,2026-07-12,Laptop,5,76623.06
3370,903,2026-02-22,Monitor,4,43946.7
3371,537,2026-08-13,Headphones,3,2561.22
3372,631,2026-05-10,Keyboard,4,60852.12
3373,148,2026-04-06,Monitor,1,60294.88
3374,700,2026-06-28,Keyboard,2,78912.96
3375,224,2026-02-23,Headphones,3,40807.68
3376,733,2026-03-05,Headphones,2,38254.68
3377,481,2026-08-13,Laptop,5,24785.25
3378,67,2026-06-28,Keyboard,1,39192.55
3379,369,2026-03-30,Keyboard,1,49350.27
3380,457,2026-07-05,Keyboard,1,44017.55
3381,235,2026-03-31,Headphones,3,91204.07
3382,491,2026-03-08,Mobile,2,22304.11
3383,661,2026-05-30,Mouse,5,53328.19
3384,867,2026-02-20,Laptop,4,36774.9
3385,235,2026-07-14,Laptop,2,9691.49
3386,567,2026-06-28,Laptop,3,8385.91
3387,262,2026-08-27,Keyboard,2,29668.7
3388,447,2026-08-08,Headphones,2,23294.32
3389,171,2026-03-21,Mouse,1,23565.66
3390,636,2026-01-24,Laptop,5,65634.88
3391,893,2026-07-20,Tablet,2,29180.18
3392,965,2026-05-01,Keyboard,2,24006.4
3393,985,2026-07-26,Mobile,5,71396.64
3394,792,2026-01-18,Laptop,3,81820.33
3395,547,2026-02-15,Laptop,4,55567.15
3396,741,2026-04-05,Mobile,2,53598.91
3397,252,2026-02-17,Tablet,1,32885.05
3398,785,2026-02-13,Headphones,5,81423.92
3399,517,2026-05-09,Laptop,4,13927.44
3400,481,2026-01-13,Mobile,2,24571.59
3401,855,2026-06-05,Headphones,5,78424.17
3402,252,2026-04-29,Keyboard,2,71165.81
3403,255,2026-07-02,Mobile,5,75574.1
3404,387,2026-01-18,Mobile,1,29076.65
3405,819,2026-05-16,Keyboard,4,55256.42
3406,414,2026-07-05,Mouse,4,96229.44
3407,533,2026-08-30,Headphones,5,57958.45
3408,768,2026-08-03,Keyboard,3,52585.31
3409,171,2026-04-15,Mouse,4,13060.86
3410,212,2026-01-10,Laptop,5,99474.1
3411,306,2026-08-04,Laptop,5,90464.44
3412,385,2026-04-08,Headphones,3,2875.65
3413,204,2026-05-05,Tablet,1,21949.26
3414,654,2026-07-18,Tablet,2,45269.07
3415,810,2026-06-01,Tablet,2,65082.6
3416,406,2026-03-19,Mobile,2,2129.62
3417,926,2026-02-28,Keyboard,3,48934.2
3418,730,2026-04-30,Keyboard,3,88297.15
3419,134,2026-04-29,Keyboard,1,24913.92
3420,919,2026-02-07,Monitor,1,29894.1
3421,359,2026-01-14,Keyboard,4,88761.13
3422,444,2026-08-12,Laptop,5,29748.13
3423,525,2026-07-30,Mouse,4,4532.18
3424,868,2026-08-11,Keyboard,1,35572.0
3425,318,2026-02-19,Mouse,2,1600.09
3426,150,2026-01-26,Monitor,5,27326.06
3427,522,2026-01-07,Mobile,5,37441.01
3428,414,2026-04-25,Headphones,5,46298.95
3429,335,2026-06-09,Headphones,3,5566.18
3430,600,2026-05-13,Laptop,4,75970.0
3431,782,2026-04-21,Mouse,1,66798.84
3432,747,2026-05-21,Monitor,5,50841.8
3433,158,2026-09-05,Tablet,4,33350.13
3434,451,2026-07-02,Monitor,3,14823.17
3435,937,2026-07-15,Mobile,1,61879.0
3436,404,2026-03-12,Mobile,1,4879.34
3437,977,2026-01-04,Mobile,2,42128.4
3438,428,2026-02-19,Tablet,2,42977.69
3439,262,2026-05-26,Mobile,1,99107.14
3440,880,2026-02-11,Laptop,3,72860.17
3441,68,2026-07-21,Mobile,4,91555.83
3442,948,2026-02-12,Monitor,4,11866.58
3443,471,2026-06-21,Tablet,3,61871.44
3444,382,2026-09-08,Tablet,4,95589.01
3445,591,2026-03-08,Mouse,5,88972.45
3446,760,2026-07-28,Headphones,3,52907.56
3447,699,2026-06-20,Tablet,5,52244.8
3448,826,2026-03-13,Mouse,2,23006.79
3449,445,2026-01-06,Keyboard,3,33151.29
3450,308,2026-05-11,Keyboard,4,5603.01
3451,308,2026-06-01,Tablet,3,11096.43
3452,569,2026-02-07,Mobile,2,88134.24
3453,476,2026-03-05,Mobile,1,69889.48
3454,372,2026-05-10,Keyboard,4,42219.51
3455,307,2026-03-26,Laptop,2,16663.32
3456,972,2026-05-04,Monitor,1,77609.12
3457,911,2026-08-26,Laptop,4,40889.51
3458,158,2026-04-21,Keyboard,4,97846.68
3459,961,2026-03-27,Headphones,1,31146.74
3460,901,2026-05-05,Keyboard,4,59048.11
3461,441,2026-04-14,Tablet,2,29003.53
3462,824,2026-06-06,Mobile,3,16339.6
3463,608,2026-03-25,Keyboard,1,10515.65
3464,816,2026-01-22,Monitor,1,15429.6
3465,505,2026-04-20,Laptop,2,99187.81
3466,483,2026-01-01,Mobile,1,13781.59
3467,376,2026-08-04,Monitor,3,66772.79
3468,42,2026-01-23,Mobile,3,33349.1
3469,597,2026-01-10,Laptop,1,61629.15
3470,945,2026-07-30,Mobile,2,89757.09
3471,503,2026-07-30,Laptop,3,59540.33
3472,857,2026-06-07,Mouse,1,83264.32
3473,142,2026-03-14,Laptop,4,60813.69
3474,162,2026-03-08,Monitor,5,10063.96
3475,230,2026-06-05,Monitor,3,3687.36
3476,347,2026-08-07,Monitor,2,69643.42
3477,464,2026-07-27,Headphones,5,30986.68
3478,723,2026-06-17,Tablet,4,42087.97
3479,241,2026-08-27,Tablet,3,66792.41
3480,247,2026-02-23,Keyboard,2,70471.84
3481,82,2026-01-10,Laptop,5,87576.59
3482,111,2026-02-07,Keyboard,2,15358.02
3483,290,2026-01-19,Tablet,3,68928.72
3484,245,2026-05-29,Monitor,4,43815.82
3485,953,2026-02-01,Monitor,5,73073.36
3486,960,2026-03-19,Monitor,2,89611.17
3487,35,2026-06-17,Headphones,2,39384.03
3488,68,2026-03-30,Laptop,1,84191.57
3489,259,2026-07-25,Keyboard,2,81345.62
3490,675,2026-04-29,Keyboard,3,45236.42
3491,335,2026-07-28,Monitor,4,66011.28
3492,938,2026-09-03,Tablet,5,86879.32
3493,8,2026-02-17,Tablet,2,95451.81
3494,96,2026-04-17,Keyboard,3,15242.69
3495,144,2026-08-15,Mobile,5,60590.22
3496,285,2026-09-03,Mobile,2,42078.08
3497,10,2026-07-17,Monitor,3,71280.84
3498,630,2026-07-24,Headphones,3,772.36
3499,791,2026-05-04,Tablet,5,20570.47
3500,341,2026-02-07,Monitor,5,27707.88
3501,911,2026-04-11,Mouse,5,61440.15
3502,202,2026-06-06,Keyboard,1,45767.77
3503,606,2026-07-04,Mouse,3,54109.83
3504,468,2026-07-13,Laptop,3,33594.24
3505,604,2026-04-15,Monitor,1,47714.5
3506,428,2026-08-13,Keyboard,5,57403.82
3507,323,2026-08-25,Tablet,5,22678.5
3508,308,2026-03-09,Monitor,1,81765.26
3509,927,2026-06-21,Mouse,3,39783.85
3510,544,2026-01-02,Mobile,1,22569.19
3511,461,2026-07-30,Mobile,4,723.92
3512,982,2026-01-13,Laptop,3,53758.13
3513,560,2026-08-19,Keyboard,1,50424.31
3514,751,2026-09-01,Tablet,3,77005.64
3515,53,2026-06-19,Keyboard,5,21734.75
3516,566,2026-06-19,Headphones,1,85595.77
3517,399,2026-08-25,Mouse,3,18135.05
3518,206,2026-06-17,Laptop,4,8427.85
3519,252,2026-06-15,Keyboard,1,10396.26
3520,768,2026-08-27,Monitor,3,17317.75
3521,688,2026-03-16,Headphones,4,16605.22
3522,209,2026-04-20,Monitor,2,36462.25
3523,955,2026-07-15,Headphones,3,99789.57
3524,562,2026-06-27,Monitor,1,8084.46
3525,895,2026-02-09,Laptop,1,95381.76
3526,798,2026-01-17,Tablet,3,96531.8
3527,784,2026-01-30,Keyboard,3,12583.18
3528,856,2026-07-16,Tablet,5,46797.07
3529,493,2026-02-01,Monitor,5,28190.91
3530,365,2026-01-22,Tablet,1,35647.4
3531,826,2026-04-10,Mobile,5,94521.6
3532,19,2026-07-05,Mouse,1,99216.24
3533,150,2026-02-11,Headphones,2,52447.63
3534,548,2026-06-26,Mobile,4,99115.8
3535,647,2026-07-13,Headphones,1,34347.99
3536,812,2026-04-10,Tablet,4,10805.15
3537,795,2026-05-12,Tablet,4,21629.82
3538,636,2026-02-18,Monitor,4,77459.61
3539,715,2026-07-11,Laptop,2,83533.86
3540,935,2026-08-28,Tablet,4,55967.05
3541,397,2026-04-28,Headphones,3,20311.75
3542,38,2026-01-11,Keyboard,2,870.31
3543,18,2026-04-01,Monitor,3,65047.32
3544,768,2026-04-17,Tablet,1,96973.58
3545,475,2026-08-09,Laptop,2,84380.73
3546,534,2026-06-02,Mouse,1,59492.11
3547,507,2026-05-02,Mouse,5,72727.42
3548,123,2026-03-29,Mouse,1,78721.55
3549,325,2026-06-13,Mobile,3,53939.61
3550,301,2026-04-19,Laptop,1,5963.84
3551,681,2026-03-18,Mobile,3,81661.49
3552,288,2026-02-09,Headphones,4,98140.37
3553,544,2026-09-07,Headphones,1,50079.56
3554,308,2026-07-09,Keyboard,1,3101.7
3555,336,2026-03-14,Mobile,1,87015.74
3556,538,2026-08-27,Mouse,5,85231.2
3557,117,2026-04-03,Laptop,3,76915.88
3558,910,2026-03-23,Laptop,2,57852.93
3559,820,2026-05-30,Laptop,2,5383.33
3560,862,2026-03-21,Tablet,5,75606.64
3561,880,2026-08-22,Laptop,5,93553.33
3562,708,2026-08-11,Mouse,3,90678.78
3563,305,2026-06-18,Laptop,4,75354.04
3564,320,2026-01-11,Keyboard,1,65960.8
3565,759,2026-03-10,Laptop,2,7340.38
3566,968,2026-08-31,Mouse,1,11129.46
3567,44,2026-05-03,Keyboard,3,40895.87
3568,271,2026-01-28,Mobile,5,93995.89
3569,814,2026-08-18,Mobile,1,33739.25
3570,665,2026-02-17,Mouse,1,63268.47
3571,482,2026-01-05,Mobile,2,17352.27
3572,842,2026-09-03,Tablet,5,24239.36
3573,6,2026-04-15,Monitor,5,87569.74
3574,814,2026-05-28,Monitor,2,49518.95
3575,61,2026-03-02,Keyboard,2,61519.17
3576,198,2026-04-10,Tablet,5,29624.28
3577,415,2026-02-04,Mouse,4,91119.25
3578,276,2026-03-15,Mobile,5,85685.93
3579,724,2026-02-01,Keyboard,3,65009.59
3580,2,2026-05-08,Laptop,4,59278.37
3581,260,2026-07-11,Monitor,2,57873.29
3582,657,2026-07-28,Mouse,1,96733.85
3583,136,2026-03-05,Monitor,1,23470.14
3584,763,2026-03-05,Laptop,1,68564.78
3585,989,2026-02-04,Mobile,3,95960.28
3586,3,2026-05-28,Monitor,2,71865.03
3587,713,2026-08-01,Laptop,4,11141.89
3588,458,2026-02-22,Mobile,2,72569.26
3589,127,2026-07-21,Tablet,3,32848.61
3590,388,2026-04-16,Monitor,5,68191.3
3591,680,2026-04-24,Mobile,2,21074.76
3592,193,2026-04-01,Tablet,2,49246.38
3593,281,2026-08-31,Keyboard,1,25585.07
3594,475,2026-04-21,Mobile,1,78248.61
3595,62,2026-08-02,Monitor,4,52666.06
3596,424,2026-02-22,Laptop,3,14499.44
3597,182,2026-03-13,Keyboard,1,47586.78
3598,543,2026-07-15,Laptop,5,45715.69
3599,660,2026-03-19,Mobile,4,20491.94
3600,283,2026-08-10,Tablet,4,96369.06
3601,165,2026-03-11,Keyboard,2,44093.86
3602,18,2026-02-04,Tablet,2,64699.43
3603,225,2026-04-09,Mouse,5,64367.91
3604,113,2026-02-07,Headphones,3,52441.81
3605,102,2026-06-26,Headphones,5,80046.4
3606,414,2026-07-11,Laptop,1,56932.01
3607,110,2026-08-15,Mobile,3,25583.83
3608,776,2026-03-04,Monitor,5,85657.09
3609,819,2026-05-28,Mouse,2,62938.17
3610,542,2026-09-08,Laptop,2,95882.84
3611,787,2026-03-25,Monitor,5,42262.75
3612,2,2026-03-29,Keyboard,2,19143.5
3613,314,2026-07-07,Monitor,4,25491.19
3614,279,2026-07-25,Mouse,2,63070.28
3615,863,2026-06-21,Mouse,5,56620.19
3616,390,2026-01-25,Keyboard,5,20028.74
3617,333,2026-03-04,Laptop,3,36009.63
3618,247,2026-07-14,Mouse,3,49568.48
3619,981,2026-04-21,Mouse,1,69128.06
3620,579,2026-01-27,Mobile,2,41368.16
3621,210,2026-01-12,Keyboard,4,53730.58
3622,75,2026-07-09,Laptop,5,44407.48
3623,227,2026-02-04,Monitor,2,22237.81
3624,38,2026-01-25,Headphones,1,91861.24
3625,124,2026-04-15,Headphones,5,89035.26
3626,215,2026-08-17,Laptop,3,92394.93
3627,122,2026-06-06,Laptop,3,79214.4
3628,765,2026-05-18,Monitor,2,4894.97
3629,284,2026-06-26,Mouse,2,65901.05
3630,747,2026-06-28,Laptop,4,81798.01
3631,815,2026-02-25,Keyboard,3,10459.31
3632,597,2026-05-09,Mobile,5,28128.16
3633,714,2026-04-20,Headphones,3,75456.08
3634,713,2026-05-23,Mobile,1,74020.62
3635,586,2026-06-10,Laptop,3,19658.19
3636,161,2026-07-30,Mobile,1,73377.8
3637,848,2026-02-20,Mobile,2,13696.5
3638,63,2026-04-28,Monitor,4,22949.71
3639,33,2026-02-04,Laptop,2,36980.92
3640,902,2026-07-13,Tablet,3,83557.27
3641,158,2026-04-21,Monitor,1,83445.16
3642,486,2026-02-10,Keyboard,1,17551.83
3643,546,2026-01-09,Mobile,4,11298.18
3644,162,2026-07-15,Mobile,1,15797.1
3645,446,2026-01-28,Mobile,2,26980.94
3646,731,2026-05-14,Mouse,5,95021.7
3647,606,2026-08-27,Mouse,3,88695.63
3648,849,2026-02-10,Mouse,5,66221.4
3649,977,2026-02-25,Keyboard,4,17627.43
3650,814,2026-08-03,Keyboard,3,31915.16
3651,220,2026-06-05,Monitor,1,20028.83
3652,385,2026-03-17,Tablet,5,46754.4
3653,896,2026-01-24,Mouse,1,79761.88
3654,923,2026-02-02,Laptop,2,73831.86
3655,973,2026-05-17,Tablet,1,56226.45
3656,932,2026-04-12,Monitor,5,71388.67
3657,139,2026-07-29,Laptop,5,18389.36
3658,238,2026-08-13,Tablet,2,24428.05
3659,521,2026-01-13,Tablet,5,54595.22
3660,248,2026-01-19,Mouse,5,8815.0
3661,551,2026-05-15,Laptop,3,26483.45
3662,140,2026-05-21,Tablet,2,4879.85
3663,871,2026-05-06,Tablet,2,14401.39
3664,226,2026-07-22,Monitor,1,52036.53
3665,453,2026-06-09,Laptop,4,72231.52
3666,83,2026-05-20,Monitor,3,46359.47
3667,283,2026-06-24,Tablet,3,3481.03
3668,12,2026-07-15,Tablet,1,77642.77
3669,25,2026-06-26,Tablet,1,8821.56
3670,776,2026-02-12,Monitor,5,8565.79
3671,195,2026-06-26,Keyboard,1,44178.42
3672,552,2026-08-17,Monitor,3,6196.13
3673,767,2026-06-11,Mouse,1,72062.93
3674,321,2026-04-01,Keyboard,1,79571.61
3675,662,2026-05-10,Headphones,3,26450.0
3676,559,2026-01-22,Tablet,2,60234.65
3677,553,2026-05-28,Keyboard,3,49368.35
3678,787,2026-08-22,Laptop,2,17984.63
3679,296,2026-07-15,Mouse,5,78936.83
3680,389,2026-03-22,Keyboard,1,50960.8
3681,27,2026-04-30,Laptop,5,5360.89
3682,268,2026-06-19,Mobile,4,34862.54
3683,91,2026-03-29,Headphones,5,27870.39
3684,415,2026-02-08,Keyboard,5,12732.76
3685,153,2026-04-16,Tablet,3,51412.42
3686,379,2026-03-24,Monitor,1,36937.96
3687,175,2026-07-30,Tablet,5,37844.89
3688,566,2026-01-11,Monitor,1,62689.18
3689,417,2026-01-14,Mobile,2,41313.25
3690,629,2026-08-08,Mouse,4,62000.06
3691,18,2026-07-21,Tablet,5,77972.07
3692,962,2026-09-01,Tablet,5,18884.26
3693,63,2026-01-17,Headphones,1,92849.79
3694,402,2026-08-10,Headphones,5,12864.31
3695,938,2026-05-23,Mouse,1,26529.98
3696,265,2026-07-07,Tablet,2,54974.03
3697,511,2026-05-02,Mobile,5,19788.69
3698,783,2026-07-03,Mobile,5,64950.38
3699,275,2026-04-13,Mobile,2,67463.48
3700,714,2026-02-06,Keyboard,5,67951.35
3701,175,2026-07-05,Mouse,5,64696.01
3702,749,2026-06-20,Headphones,4,30109.88
3703,249,2026-01-06,Keyboard,2,37141.52
3704,866,2026-07-05,Mouse,4,21780.49
3705,984,2026-03-21,Tablet,3,8675.74
3706,42,2026-08-12,Tablet,4,29516.72
3707,400,2026-06-11,Mobile,3,94641.1
3708,776,2026-04-06,Headphones,1,19065.61
3709,235,2026-07-21,Monitor,3,34323.11
3710,192,2026-06-24,Headphones,2,95942.23
3711,747,2026-08-22,Laptop,1,47248.29
3712,422,2026-03-20,Tablet,3,86376.88
3713,590,2026-05-12,Tablet,5,50769.03
3714,24,2026-08-24,Tablet,2,73212.62
3715,248,2026-04-05,Mouse,5,52115.32
3716,283,2026-08-01,Headphones,2,46835.43
3717,714,2026-08-01,Laptop,3,4235.33
3718,655,2026-06-25,Laptop,3,24262.3
3719,222,2026-08-23,Mobile,3,19835.73
3720,264,2026-05-15,Mouse,3,88406.28
3721,405,2026-02-01,Monitor,2,80767.15
3722,105,2026-07-26,Laptop,1,71274.9
3723,539,2026-04-27,Keyboard,1,54665.6
3724,1000,2026-06-05,Mobile,2,59535.11
3725,696,2026-06-11,Mobile,4,22069.83
3726,660,2026-04-14,Headphones,2,4401.51
3727,876,2026-04-15,Laptop,1,95642.95
3728,769,2026-08-24,Mouse,5,49918.31
3729,336,2026-09-04,Keyboard,1,46440.46
3730,879,2026-05-09,Keyboard,5,72168.46
3731,914,2026-05-15,Laptop,1,91195.33
3732,841,2026-02-23,Laptop,1,58815.98
3733,798,2026-03-27,Keyboard,1,55199.17
3734,612,2026-08-03,Mouse,1,24816.39
3735,342,2026-04-07,Keyboard,4,26756.77
3736,843,2026-03-14,Mouse,1,96056.67
3737,426,2026-08-21,Laptop,5,68172.01
3738,377,2026-04-11,Mouse,3,13825.67
3739,79,2026-01-15,Headphones,5,7555.81
3740,892,2026-02-01,Mouse,5,29040.2
3741,300,2026-05-19,Mobile,2,40001.71
3742,352,2026-05-03,Tablet,1,58862.43
3743,418,2026-07-13,Mobile,2,81587.17
3744,965,2026-02-10,Mobile,5,60395.48
3745,76,2026-02-07,Mobile,4,27864.46
3746,429,2026-03-28,Laptop,1,25887.16
3747,713,2026-01-10,Monitor,3,13440.22
3748,418,2026-05-18,Monitor,1,83043.52
3749,22,2026-06-11,Tablet,3,24146.04
3750,405,2026-08-28,Keyboard,4,96645.64
3751,48,2026-07-10,Mouse,1,12093.01
3752,437,2026-02-02,Tablet,1,93915.1
3753,198,2026-08-30,Tablet,1,52265.53
3754,370,2026-02-22,Keyboard,4,88511.69
3755,838,2026-01-23,Tablet,1,38935.27
3756,467,2026-06-25,Laptop,3,94060.77
3757,103,2026-02-24,Mobile,2,25775.68
3758,365,2026-03-29,Laptop,4,51153.04
3759,447,2026-02-16,Mouse,1,48795.92
3760,497,2026-08-05,Keyboard,5,64593.02
3761,637,2026-02-06,Mobile,5,83223.46
3762,768,2026-03-16,Laptop,1,24588.96
3763,568,2026-08-18,Laptop,5,98522.12
3764,199,2026-07-19,Headphones,3,24123.85
3765,684,2026-08-09,Mouse,5,14081.28
3766,218,2026-01-12,Mobile,3,61643.6
3767,55,2026-02-01,Laptop,3,45427.62
3768,19,2026-06-27,Mouse,1,50986.25
3769,595,2026-05-25,Monitor,1,80427.01
3770,588,2026-03-15,Mobile,1,71607.95
3771,262,2026-04-26,Mouse,2,40584.08
3772,724,2026-06-03,Mouse,5,94287.8
3773,786,2026-04-18,Mouse,5,80902.97
3774,800,2026-08-11,Monitor,3,83113.08
3775,620,2026-06-14,Tablet,5,74728.89
3776,695,2026-06-23,Tablet,4,9420.64
3777,303,2026-05-14,Mobile,5,78461.31
3778,394,2026-05-29,Monitor,5,25195.98
3779,579,2026-03-26,Laptop,3,2616.7
3780,909,2026-05-09,Headphones,5,62068.97
3781,878,2026-09-07,Mobile,2,89108.7
3782,190,2026-01-28,Tablet,2,29795.95
3783,795,2026-02-06,Keyboard,4,56609.56
3784,961,2026-09-03,Laptop,4,62410.68
3785,572,2026-01-06,Keyboard,2,40100.38
3786,469,2026-01-31,Tablet,4,97248.08
3787,658,2026-01-08,Keyboard,2,75053.02
3788,576,2026-03-21,Monitor,2,52239.38
3789,334,2026-02-26,Monitor,5,90832.07
3790,250,2026-06-16,Mouse,2,65897.29
3791,776,2026-05-24,Laptop,3,82887.35
3792,353,2026-08-18,Keyboard,1,98169.01
3793,712,2026-08-19,Mouse,5,43697.75
3794,563,2026-01-08,Tablet,2,40919.98
3795,368,2026-07-15,Mouse,2,43697.48
3796,96,2026-03-10,Tablet,5,38552.17
3797,353,2026-04-07,Keyboard,1,92384.41
3798,16,2026-02-25,Mouse,4,80969.84
3799,689,2026-01-26,Tablet,2,76765.85
3800,542,2026-07-26,Headphones,5,34016.82
3801,769,2026-08-25,Laptop,3,84409.13
3802,274,2026-07-18,Keyboard,5,15320.73
3803,816,2026-05-31,Tablet,3,85051.47
3804,642,2026-03-11,Laptop,1,83336.73
3805,490,2026-02-12,Tablet,2,597.33
3806,873,2026-06-20,Mouse,4,60239.05
3807,907,2026-08-21,Keyboard,1,99845.13
3808,854,2026-01-30,Tablet,4,50637.98
3809,84,2026-01-20,Monitor,2,81524.22
3810,844,2026-03-27,Tablet,1,5267.66
3811,385,2026-01-17,Mouse,1,61400.73
3812,83,2026-03-13,Headphones,5,7779.7
3813,330,2026-07-08,Laptop,4,41075.21
3814,884,2026-02-15,Monitor,5,19992.0
3815,973,2026-05-30,Keyboard,4,62884.28
3816,748,2026-01-13,Headphones,2,63931.54
3817,18,2026-03-11,Keyboard,4,44548.15
3818,401,2026-03-14,Mobile,1,71574.38
3819,907,2026-04-25,Mobile,4,76415.15
3820,688,2026-04-16,Mobile,5,14150.71
3821,569,2026-01-05,Tablet,1,74713.37
3822,743,2026-05-06,Monitor,4,92321.48
3823,49,2026-08-25,Mobile,5,70078.39
3824,69,2026-06-04,Tablet,3,2762.14
3825,537,2026-08-28,Monitor,5,26648.51
3826,200,2026-09-06,Mobile,2,45659.71
3827,960,2026-01-23,Mobile,3,36108.95
3828,176,2026-08-27,Mobile,3,91624.03
3829,112,2026-04-13,Keyboard,5,92753.1
3830,11,2026-04-29,Mobile,2,67964.25
3831,618,2026-01-21,Mobile,1,38293.04
3832,769,2026-02-26,Keyboard,2,82604.15
3833,686,2026-09-08,Headphones,2,47038.91
3834,588,2026-05-20,Headphones,4,12565.79
3835,459,2026-02-25,Laptop,5,30024.45
3836,607,2026-03-09,Laptop,2,86523.52
3837,49,2026-03-24,Mobile,4,29754.64
3838,997,2026-01-12,Tablet,1,43400.39
3839,55,2026-03-14,Mobile,4,20886.59
3840,852,2026-03-06,Laptop,4,47304.6
3841,950,2026-01-28,Mobile,4,74221.19
3842,684,2026-05-08,Mouse,2,91559.47
3843,15,2026-01-20,Tablet,2,64086.72
3844,504,2026-08-13,Tablet,5,53856.28
3845,105,2026-02-16,Monitor,2,26479.29
3846,998,2026-08-27,Keyboard,2,57465.72
3847,753,2026-03-29,Tablet,4,78547.26
3848,622,2026-06-25,Keyboard,2,75908.91
3849,847,2026-08-10,Mobile,5,24681.42
3850,869,2026-01-30,Mouse,2,54579.42
3851,419,2026-03-23,Laptop,3,23276.37
3852,461,2026-07-12,Monitor,1,49536.2
3853,603,2026-06-29,Mouse,4,40576.75
3854,122,2026-08-26,Keyboard,4,70161.1
3855,882,2026-04-14,Keyboard,2,90081.1
3856,799,2026-05-13,Tablet,2,86080.06
3857,374,2026-01-04,Tablet,1,37923.62
3858,87,2026-02-06,Monitor,2,18454.67
3859,358,2026-06-11,Headphones,2,9075.82
3860,696,2026-04-11,Tablet,3,1975.8
3861,553,2026-03-27,Keyboard,1,68831.38
3862,584,2026-04-14,Mobile,1,52522.33
3863,960,2026-07-17,Mobile,1,98179.35
3864,336,2026-02-05,Mouse,4,96907.2
3865,609,2026-07-13,Laptop,5,59267.95
3866,699,2026-07-17,Headphones,2,43281.13
3867,555,2026-06-05,Headphones,5,86873.73
3868,163,2026-09-01,Mobile,1,85161.81
3869,35,2026-07-24,Mouse,2,66400.2
3870,444,2026-05-19,Monitor,5,71816.73
3871,520,2026-03-06,Headphones,2,30164.66
3872,346,2026-06-05,Tablet,5,51464.46
3873,68,2026-06-11,Monitor,1,28714.81
3874,642,2026-04-26,Mouse,5,46059.6
3875,770,2026-07-27,Laptop,4,9620.74
3876,184,2026-08-25,Mobile,5,40464.51
3877,490,2026-04-10,Mobile,5,77026.18
3878,192,2026-06-18,Laptop,5,45474.64
3879,799,2026-04-08,Laptop,5,6816.37
3880,680,2026-06-10,Keyboard,4,61237.98
3881,394,2026-05-07,Mouse,2,85773.86
3882,938,2026-05-28,Keyboard,5,49973.99
3883,158,2026-08-05,Tablet,2,32351.57
3884,201,2026-05-28,Keyboard,1,79157.54
3885,326,2026-05-17,Monitor,5,565.14
3886,191,2026-06-14,Monitor,2,37183.75
3887,276,2026-06-28,Laptop,3,75678.93
3888,391,2026-04-10,Monitor,5,33521.75
3889,583,2026-04-27,Laptop,1,67464.62
3890,287,2026-02-12,Mouse,2,77948.72
3891,873,2026-03-29,Headphones,3,25494.97
3892,537,2026-08-28,Keyboard,4,59562.69
3893,144,2026-02-20,Headphones,5,29769.31
3894,253,2026-06-13,Monitor,2,68510.8
3895,590,2026-07-09,Tablet,3,79058.74
3896,888,2026-08-01,Mobile,2,54845.12
3897,946,2026-08-19,Mouse,1,34348.51
3898,267,2026-02-12,Laptop,3,19066.88
3899,346,2026-07-14,Monitor,4,18200.91
3900,352,2026-08-30,Keyboard,2,96878.49
3901,414,2026-02-13,Mouse,2,86899.26
3902,352,2026-02-26,Mouse,5,78277.42
3903,105,2026-04-05,Mobile,5,11067.96
3904,401,2026-07-01,Headphones,3,3053.1
3905,502,2026-06-15,Mouse,3,95647.77
3906,871,2026-09-01,Mouse,3,2055.42
3907,775,2026-03-24,Keyboard,3,82573.77
3908,8,2026-02-27,Mobile,3,62998.71
3909,899,2026-01-31,Monitor,5,82520.69
3910,949,2026-01-20,Tablet,1,91431.1
3911,496,2026-06-03,Mobile,1,20315.21
3912,722,2026-08-02,Headphones,5,23983.79
3913,39,2026-07-23,Laptop,3,21413.49
3914,91,2026-03-20,Headphones,3,45640.83
3915,848,2026-03-25,Headphones,2,11168.61
3916,178,2026-07-06,Headphones,5,88666.84
3917,430,2026-07-29,Keyboard,5,10189.1
3918,437,2026-07-24,Keyboard,3,5056.32
3919,636,2026-09-03,Headphones,2,69864.03
3920,822,2026-06-14,Laptop,3,95063.49
3921,90,2026-07-22,Laptop,3,18143.81
3922,631,2026-04-09,Mouse,1,69759.85
3923,485,2026-05-15,Mouse,1,60704.64
3924,135,2026-08-02,Tablet,4,1169.29
3925,133,2026-04-03,Mobile,5,52914.92
3926,786,2026-08-08,Headphones,4,16697.56
3927,958,2026-02-05,Headphones,5,81005.24
3928,795,2026-07-27,Keyboard,4,6307.73
3929,885,2026-03-25,Tablet,5,50890.72
3930,773,2026-07-22,Keyboard,5,44499.05
3931,884,2026-03-18,Mobile,2,49524.83
3932,523,2026-03-28,Headphones,3,54364.27
3933,751,2026-03-28,Mouse,4,96471.27
3934,888,2026-07-23,Headphones,5,29159.25
3935,132,2026-05-09,Headphones,5,91093.43
3936,85,2026-09-05,Tablet,4,98545.92
3937,140,2026-01-07,Tablet,1,88307.75
3938,160,2026-01-11,Tablet,3,37564.11
3939,601,2026-02-28,Monitor,2,7738.44
3940,135,2026-03-02,Monitor,1,80031.55
3941,325,2026-08-11,Laptop,2,1054.19
3942,493,2026-03-29,Laptop,5,20807.08
3943,436,2026-06-12,Mouse,2,68358.5
3944,311,2026-03-14,Headphones,5,52716.79
3945,396,2026-04-09,Mouse,5,99512.49
3946,148,2026-05-06,Keyboard,2,42595.7
3947,653,2026-08-19,Tablet,4,72076.4
3948,659,2026-03-16,Keyboard,2,74816.56
3949,376,2026-02-03,Tablet,5,98486.6
3950,172,2026-06-30,Headphones,3,21310.51
3951,72,2026-09-03,Mouse,2,80635.78
3952,725,2026-02-14,Mouse,1,73836.09
3953,857,2026-02-18,Laptop,2,20418.02
3954,900,2026-02-06,Tablet,1,62877.74
3955,95,2026-06-09,Laptop,4,73960.5
3956,93,2026-08-15,Mouse,2,41829.12
3957,164,2026-05-06,Mobile,5,46587.02
3958,546,2026-01-07,Mobile,4,40700.52
3959,90,2026-06-30,Monitor,4,18105.65
3960,922,2026-02-16,Headphones,4,46694.01
3961,765,2026-03-08,Headphones,5,62959.59
3962,139,2026-05-04,Keyboard,2,86342.4
3963,34,2026-08-30,Headphones,2,62051.85
3964,837,2026-05-11,Tablet,4,38550.07
3965,568,2026-06-18,Mobile,1,39553.31
3966,890,2026-05-21,Mobile,4,96054.88
3967,481,2026-06-15,Mobile,1,45988.09
3968,204,2026-02-25,Keyboard,2,92616.6
3969,597,2026-06-17,Mobile,1,32919.35
3970,159,2026-02-14,Mouse,5,91009.33
3971,759,2026-02-24,Keyboard,2,95556.53
3972,438,2026-07-07,Tablet,3,65896.09
3973,78,2026-05-30,Monitor,3,24009.07
3974,148,2026-05-21,Mobile,2,32847.7
3975,720,2026-04-04,Mobile,5,85642.05
3976,209,2026-05-19,Headphones,5,93999.76
3977,428,2026-03-10,Laptop,4,72616.21
3978,755,2026-04-29,Monitor,4,22277.17
3979,403,2026-07-26,Headphones,2,94218.89
3980,341,2026-05-27,Headphones,3,57972.09
3981,794,2026-09-01,Keyboard,5,71691.34
3982,185,2026-01-30,Keyboard,5,82574.47
3983,597,2026-08-09,Keyboard,1,19086.08
3984,451,2026-02-14,Laptop,2,6016.03
3985,683,2026-03-05,Mouse,4,76094.69
3986,510,2026-08-22,Monitor,1,21816.6
3987,917,2026-07-01,Tablet,3,14258.4
3988,572,2026-09-01,Mouse,2,13501.5
3989,832,2026-01-08,Monitor,1,13904.27
3990,407,2026-04-04,Monitor,1,55023.96
3991,39,2026-02-14,Laptop,3,76219.18
3992,622,2026-05-06,Tablet,4,52103.09
3993,885,2026-05-10,Mouse,4,35256.64
3994,710,2026-02-23,Monitor,3,66901.12
3995,190,2026-04-02,Mobile,5,39737.4
3996,818,2026-01-16,Tablet,1,20598.52
3997,310,2026-03-13,Mobile,4,64717.98
3998,587,2026-07-28,Tablet,5,32413.05
3999,69,2026-04-28,Headphones,2,95432.37
4000,746,2026-08-12,Mouse,1,2772.64
4001,659,2026-02-08,Mouse,2,78032.44
4002,965,2026-07-06,Mouse,3,66568.83
4003,311,2026-01-24,Mobile,4,28079.83
4004,753,2026-08-11,Mouse,2,6140.52
4005,202,2026-07-30,Laptop,5,41850.65
4006,85,2026-05-01,Mobile,5,50236.59
4007,991,2026-06-05,Laptop,2,40083.04
4008,155,2026-06-12,Monitor,2,11998.18
4009,121,2026-02-10,Tablet,4,41306.1
4010,677,2026-07-12,Mobile,1,11959.01
4011,764,2026-07-17,Monitor,1,12035.42
4012,413,2026-04-08,Laptop,2,91371.89
4013,124,2026-01-11,Mouse,1,44925.85
4014,352,2026-07-05,Monitor,5,76115.22
4015,255,2026-08-27,Mobile,5,74803.92
4016,38,2026-02-24,Headphones,5,19648.24
4017,346,2026-04-08,Mobile,5,1834.2
4018,467,2026-02-15,Monitor,3,77776.55
4019,154,2026-01-27,Tablet,3,18025.65
4020,292,2026-01-24,Laptop,5,68462.65
4021,538,2026-06-10,Mobile,3,86054.46
4022,681,2026-05-28,Headphones,2,15437.74
4023,385,2026-03-15,Mobile,1,84079.14
4024,199,2026-06-01,Monitor,3,99459.43
4025,739,2026-03-31,Keyboard,1,81141.23
4026,671,2026-07-08,Laptop,2,71709.5
4027,611,2026-05-26,Headphones,2,78032.28
4028,509,2026-05-30,Tablet,1,77748.12
4029,993,2026-02-28,Keyboard,1,14616.96
4030,435,2026-02-18,Headphones,5,33000.57
4031,397,2026-04-04,Headphones,2,21595.25
4032,266,2026-01-07,Laptop,2,3051.73
4033,953,2026-05-04,Laptop,4,12749.73
4034,166,2026-06-07,Keyboard,2,55974.08
4035,62,2026-03-13,Mobile,5,62132.77
4036,737,2026-04-24,Monitor,1,43406.58
4037,605,2026-08-09,Laptop,4,23206.02
4038,881,2026-02-02,Headphones,5,65184.38
4039,110,2026-08-19,Headphones,3,26475.65
4040,163,2026-08-10,Tablet,1,22572.77
4041,888,2026-07-01,Headphones,1,25344.9
4042,18,2026-02-01,Mouse,3,90844.06
4043,980,2026-04-14,Keyboard,5,91463.55
4044,463,2026-06-13,Headphones,4,89357.73
4045,638,2026-03-20,Laptop,3,44559.82
4046,798,2026-06-23,Headphones,3,28861.84
4047,177,2026-08-04,Mobile,3,48217.36
4048,141,2026-01-28,Tablet,3,46443.71
4049,114,2026-01-01,Laptop,5,6410.15
4050,817,2026-01-31,Tablet,5,12702.36
4051,28,2026-02-23,Tablet,4,55607.41
4052,461,2026-01-26,Keyboard,3,76462.7
4053,501,2026-01-24,Mobile,4,51869.85
4054,14,2026-05-20,Mouse,1,81327.45
4055,376,2026-06-21,Keyboard,1,15239.15
4056,890,2026-01-08,Monitor,1,97433.02
4057,63,2026-06-30,Keyboard,1,19950.83
4058,419,2026-01-11,Keyboard,1,25027.05
4059,730,2026-04-29,Mobile,3,8430.9
4060,833,2026-01-13,Tablet,3,36431.55
4061,977,2026-05-16,Headphones,4,30373.54
4062,411,2026-07-25,Mobile,1,70554.44
4063,18,2026-01-07,Mouse,4,18581.72
4064,881,2026-05-17,Mouse,3,44958.57
4065,440,2026-06-30,Mouse,3,49869.33
4066,124,2026-02-22,Mouse,1,33709.39
4067,823,2026-06-21,Tablet,2,60892.79
4068,843,2026-02-10,Tablet,4,92235.94
4069,448,2026-08-03,Keyboard,4,82407.71
4070,362,2026-01-21,Mouse,1,52699.28
4071,142,2026-08-01,Monitor,4,2388.57
4072,273,2026-01-15,Keyboard,4,42843.57
4073,989,2026-03-21,Headphones,5,2980.87
4074,815,2026-01-18,Laptop,1,44969.67
4075,683,2026-05-05,Keyboard,1,91435.98
4076,21,2026-01-10,Monitor,3,58763.68
4077,787,2026-05-20,Mouse,1,82144.47
4078,776,2026-05-25,Monitor,3,57629.8
4079,256,2026-03-22,Monitor,1,32008.26
4080,44,2026-02-14,Headphones,5,61080.5
4081,828,2026-01-10,Mouse,3,64835.11
4082,842,2026-06-03,Keyboard,4,78440.92
4083,505,2026-05-16,Monitor,2,64978.68
4084,475,2026-02-20,Mouse,4,68672.99
4085,425,2026-07-28,Keyboard,5,55875.93
4086,105,2026-03-16,Keyboard,4,95567.48
4087,222,2026-02-08,Keyboard,3,95278.36
4088,492,2026-05-05,Mouse,3,25200.06
4089,179,2026-08-01,Tablet,3,43970.92
4090,755,2026-02-23,Monitor,5,67138.28
4091,297,2026-06-02,Mouse,5,91240.98
4092,457,2026-06-06,Tablet,1,7166.06
4093,933,2026-07-30,Headphones,2,88400.79
4094,979,2026-08-06,Monitor,2,3117.54
4095,53,2026-04-30,Mouse,4,82071.47
4096,865,2026-05-19,Mobile,1,9357.77
4097,862,2026-01-15,Mobile,1,63267.05
4098,643,2026-06-19,Headphones,1,85037.13
4099,959,2026-08-19,Mouse,1,23903.47
4100,719,2026-06-25,Tablet,5,57370.47
4101,517,2026-06-02,Tablet,5,45133.74
4102,919,2026-02-07,Laptop,1,97613.12
4103,23,2026-09-04,Monitor,5,50613.13
4104,988,2026-05-31,Headphones,5,3538.31
4105,872,2026-07-30,Laptop,5,92843.54
4106,267,2026-08-17,Headphones,5,14254.94
4107,124,2026-07-14,Keyboard,3,52433.66
4108,950,2026-07-08,Mobile,5,98294.17
4109,520,2026-09-06,Headphones,4,93284.44
4110,177,2026-05-19,Laptop,1,26320.32
4111,429,2026-01-12,Keyboard,3,47590.89
4112,849,2026-01-24,Tablet,2,84290.82
4113,577,2026-04-08,Laptop,3,59770.2
4114,783,2026-01-24,Monitor,1,93447.79
4115,913,2026-05-11,Keyboard,5,27406.4
4116,615,2026-02-12,Monitor,4,56189.05
4117,155,2026-05-10,Keyboard,4,58070.3
4118,953,2026-06-21,Tablet,4,66626.05
4119,274,2026-01-13,Laptop,5,35786.8
4120,121,2026-07-02,Headphones,1,79116.6
4121,116,2026-04-19,Headphones,4,4880.11
4122,566,2026-08-19,Monitor,2,18114.41
4123,691,2026-03-14,Tablet,5,56039.67
4124,741,2026-03-27,Keyboard,3,11147.38
4125,472,2026-08-27,Mouse,4,18581.66
4126,47,2026-06-13,Mouse,4,70350.1
4127,856,2026-03-14,Mouse,4,38681.2
4128,738,2026-03-05,Headphones,5,43216.17
4129,464,2026-03-10,Mouse,3,15593.09
4130,12,2026-04-24,Mobile,5,34132.78
4131,146,2026-04-09,Mobile,3,58209.74
4132,846,2026-03-04,Monitor,4,27884.11
4133,129,2026-05-20,Laptop,5,96782.3
4134,809,2026-09-03,Tablet,2,26958.86
4135,546,2026-04-13,Monitor,5,23181.23
4136,902,2026-01-11,Keyboard,2,98508.74
4137,492,2026-04-12,Mobile,5,44794.84
4138,70,2026-05-28,Keyboard,1,62512.29
4139,92,2026-01-17,Headphones,1,21837.95
4140,116,2026-08-01,Mouse,2,36095.84
4141,615,2026-07-13,Monitor,2,99858.61
4142,210,2026-08-12,Monitor,4,11242.07
4143,487,2026-02-24,Monitor,4,89497.03
4144,192,2026-03-29,Mobile,1,91875.89
4145,570,2026-03-24,Mouse,1,40360.53
4146,850,2026-07-19,Monitor,1,91045.97
4147,929,2026-04-03,Headphones,3,49811.4
4148,128,2026-03-09,Mouse,1,43177.31
4149,33,2026-06-16,Tablet,2,69852.95
4150,29,2026-03-12,Tablet,5,41930.89
4151,65,2026-08-05,Keyboard,4,89709.28
4152,766,2026-08-27,Laptop,5,13114.34
4153,609,2026-03-08,Mouse,5,75424.31
4154,43,2026-06-11,Mouse,5,95664.4
4155,3,2026-07-06,Tablet,4,46441.64
4156,149,2026-05-22,Laptop,3,8422.14
4157,424,2026-03-11,Mouse,1,78834.05
4158,335,2026-08-03,Mouse,2,91952.11
4159,386,2026-06-10,Headphones,5,42507.42
4160,552,2026-06-19,Mouse,2,70038.63
4161,406,2026-05-29,Monitor,5,55180.44
4162,953,2026-03-21,Mouse,4,56938.53
4163,914,2026-06-26,Tablet,1,33069.0
4164,268,2026-05-31,Headphones,1,11509.28
4165,139,2026-06-07,Monitor,5,68112.54
4166,866,2026-01-15,Monitor,4,99471.06
4167,714,2026-03-05,Keyboard,1,35450.47
4168,486,2026-01-19,Laptop,4,68435.22
4169,233,2026-01-16,Tablet,5,54012.84
4170,569,2026-07-17,Tablet,4,21110.58
4171,255,2026-03-22,Keyboard,2,10450.83
4172,267,2026-05-29,Headphones,3,60149.64
4173,498,2026-04-08,Laptop,1,2964.93
4174,667,2026-06-17,Mouse,3,80795.86
4175,544,2026-03-18,Mouse,3,18303.29
4176,943,2026-03-17,Keyboard,4,68399.64
4177,805,2026-03-12,Monitor,5,61532.35
4178,510,2026-04-21,Keyboard,1,33024.01
4179,269,2026-04-22,Mobile,1,82109.04
4180,319,2026-08-27,Headphones,4,86585.25
4181,775,2026-05-06,Keyboard,3,53983.04
4182,585,2026-01-08,Keyboard,3,76916.54
4183,227,2026-09-04,Mobile,5,80623.83
4184,436,2026-01-08,Mobile,2,85775.21
4185,265,2026-04-05,Tablet,4,87650.62
4186,134,2026-07-20,Tablet,2,77157.26
4187,718,2026-03-28,Headphones,1,11285.67
4188,343,2026-06-11,Mouse,5,35028.84
4189,55,2026-08-25,Laptop,4,16446.28
4190,122,2026-02-17,Mobile,2,29764.18
4191,781,2026-09-04,Tablet,4,43104.11
4192,490,2026-08-14,Monitor,4,31406.32
4193,783,2026-02-04,Headphones,5,7199.56
4194,107,2026-01-08,Laptop,2,28452.6
4195,95,2026-01-26,Headphones,5,81620.91
4196,547,2026-03-06,Tablet,5,64122.08
4197,7,2026-01-16,Tablet,5,1993.89
4198,603,2026-05-02,Mouse,4,48379.44
4199,573,2026-05-07,Mobile,2,87524.57
4200,592,2026-02-14,Mouse,3,44686.79
4201,919,2026-07-21,Laptop,3,44888.48
4202,419,2026-07-03,Tablet,3,85347.81
4203,832,2026-06-13,Keyboard,1,15153.84
4204,942,2026-01-29,Mobile,1,20787.15
4205,235,2026-03-06,Monitor,4,34543.96
4206,355,2026-04-21,Monitor,5,73084.87
4207,771,2026-08-10,Mouse,1,46389.83
4208,998,2026-03-31,Tablet,2,37165.33
4209,971,2026-03-09,Mouse,2,31321.41
4210,688,2026-02-01,Mouse,2,50594.54
4211,260,2026-08-13,Headphones,3,5191.33
4212,968,2026-06-23,Keyboard,3,30897.56
4213,293,2026-04-05,Monitor,4,34184.65
4214,891,2026-02-07,Mobile,1,11584.66
4215,199,2026-08-30,Mobile,4,28903.86
4216,630,2026-05-18,Tablet,4,68376.12
4217,752,2026-06-08,Tablet,1,45349.64
4218,793,2026-08-19,Keyboard,2,24668.17
4219,661,2026-03-17,Monitor,2,49183.88
4220,197,2026-01-08,Tablet,5,54120.15
4221,174,2026-06-25,Tablet,1,89825.06
4222,732,2026-04-01,Laptop,5,6547.43
4223,69,2026-08-05,Mouse,4,96250.46
4224,43,2026-07-31,Headphones,3,71618.44
4225,34,2026-02-19,Keyboard,5,99435.83
4226,236,2026-09-08,Headphones,5,50552.61
4227,274,2026-02-07,Mouse,2,33436.9
4228,903,2026-02-28,Headphones,1,4058.51
4229,884,2026-08-24,Monitor,1,51712.87
4230,894,2026-07-03,Keyboard,4,47679.98
4231,527,2026-03-15,Laptop,4,34861.37
4232,286,2026-02-14,Headphones,3,91720.58
4233,369,2026-09-02,Headphones,3,43036.0
4234,545,2026-07-31,Mobile,5,87961.31
4235,68,2026-06-26,Keyboard,5,62144.34
4236,722,2026-04-26,Tablet,5,11161.74
4237,703,2026-06-14,Monitor,3,24471.89
4238,127,2026-06-02,Mobile,5,45921.09
4239,525,2026-05-09,Monitor,3,87476.28
4240,396,2026-07-08,Tablet,5,57005.9
4241,601,2026-04-19,Mouse,5,77752.92
4242,909,2026-08-15,Tablet,5,6561.63
4243,493,2026-03-22,Mouse,2,83832.29
4244,281,2026-01-27,Tablet,4,68261.86
4245,386,2026-03-06,Mobile,1,81117.27
4246,747,2026-08-09,Mouse,5,74896.05
4247,728,2026-04-08,Headphones,2,27146.06
4248,209,2026-08-20,Tablet,5,65045.4
4249,461,2026-06-01,Mobile,5,23928.85
4250,812,2026-05-26,Laptop,2,97590.7
4251,676,2026-06-15,Mouse,4,3493.31
4252,837,2026-08-24,Mobile,5,21403.98
4253,530,2026-02-14,Tablet,5,92453.3
4254,592,2026-07-02,Mouse,2,17194.43
4255,46,2026-02-01,Tablet,1,1982.83
4256,180,2026-02-28,Laptop,1,6771.56
4257,396,2026-05-14,Keyboard,4,38250.54
4258,932,2026-01-12,Laptop,5,84206.87
4259,688,2026-06-02,Tablet,5,91995.26
4260,493,2026-06-23,Monitor,4,12609.42
4261,86,2026-05-21,Tablet,3,19340.41
4262,816,2026-04-09,Laptop,3,6640.33
4263,241,2026-07-05,Mouse,3,92891.34
4264,250,2026-06-16,Monitor,1,59168.45
4265,49,2026-07-13,Tablet,4,27998.18
4266,770,2026-07-20,Tablet,5,64330.7
4267,323,2026-02-19,Headphones,4,86702.28
4268,324,2026-05-31,Tablet,1,3969.49
4269,751,2026-02-20,Tablet,1,45975.88
4270,414,2026-07-12,Mobile,1,37320.8
4271,286,2026-07-28,Headphones,5,38229.35
4272,77,2026-08-02,Headphones,1,90342.47
4273,447,2026-01-12,Keyboard,4,42497.14
4274,76,2026-01-24,Laptop,4,91655.92
4275,889,2026-03-18,Laptop,1,70555.93
4276,966,2026-08-17,Mobile,3,657.77
4277,555,2026-04-25,Headphones,1,40182.92
4278,945,2026-07-29,Mouse,3,77356.38
4279,43,2026-05-01,Mouse,5,1996.92
4280,576,2026-07-17,Tablet,2,43274.7
4281,208,2026-05-21,Headphones,5,14512.26
4282,744,2026-05-17,Mouse,5,62372.09
4283,398,2026-02-10,Mouse,4,78598.71
4284,240,2026-05-16,Mouse,4,56023.99
4285,920,2026-05-14,Monitor,5,12272.17
4286,699,2026-05-16,Monitor,4,78268.13
4287,373,2026-01-19,Laptop,3,80383.65
4288,185,2026-04-20,Headphones,4,84467.35
4289,466,2026-05-26,Keyboard,1,69474.74
4290,130,2026-03-02,Laptop,1,13703.75
4291,719,2026-08-14,Tablet,3,45727.94
4292,647,2026-09-04,Mouse,5,56127.25
4293,192,2026-08-12,Keyboard,1,30621.2
4294,567,2026-01-21,Tablet,1,76224.72
4295,919,2026-09-08,Mouse,3,93485.17
4296,75,2026-08-29,Tablet,4,36440.09
4297,322,2026-05-11,Laptop,4,48922.46
4298,724,2026-03-16,Laptop,2,49083.64
4299,617,2026-04-09,Mobile,1,10108.91
4300,817,2026-06-22,Tablet,5,14893.02
4301,624,2026-01-24,Monitor,5,40579.89
4302,447,2026-02-05,Headphones,2,16690.52
4303,966,2026-06-04,Keyboard,3,51466.56
4304,461,2026-01-20,Laptop,3,72240.11
4305,273,2026-04-04,Mobile,1,82419.1
4306,698,2026-03-30,Headphones,3,48867.6
4307,47,2026-08-02,Headphones,4,78060.48
4308,3,2026-02-02,Tablet,5,14582.83
4309,891,2026-08-05,Headphones,4,83135.2
4310,589,2026-07-01,Laptop,1,6805.25
4311,225,2026-04-13,Monitor,3,41295.87
4312,55,2026-09-01,Keyboard,2,21521.58
4313,286,2026-02-04,Tablet,4,99192.01
4314,167,2026-05-09,Mouse,5,33145.79
4315,907,2026-07-04,Tablet,3,1003.16
4316,498,2026-01-23,Mouse,5,18685.44
4317,269,2026-06-26,Monitor,4,24416.86
4318,430,2026-02-04,Laptop,4,94188.95
4319,947,2026-05-19,Tablet,3,1121.58
4320,61,2026-01-17,Tablet,3,94325.63
4321,715,2026-06-14,Tablet,1,9600.95
4322,381,2026-05-28,Laptop,5,18211.03
4323,908,2026-04-29,Tablet,1,98114.96
4324,89,2026-06-18,Headphones,2,43026.67
4325,902,2026-07-11,Laptop,3,23127.57
4326,883,2026-07-29,Tablet,4,5797.39
4327,140,2026-05-26,Mobile,1,3766.39
4328,830,2026-01-19,Keyboard,5,31734.06
4329,5,2026-01-04,Keyboard,3,90652.07
4330,670,2026-08-01,Laptop,5,57613.25
4331,576,2026-03-21,Monitor,3,70063.12
4332,831,2026-02-28,Monitor,2,79846.15
4333,480,2026-05-14,Keyboard,5,55755.63
4334,886,2026-02-24,Tablet,4,34789.07
4335,264,2026-06-02,Headphones,4,76716.12
4336,857,2026-04-16,Monitor,1,95953.95
4337,739,2026-07-23,Mouse,2,97751.72
4338,825,2026-02-21,Headphones,5,8722.92
4339,790,2026-08-19,Monitor,1,4034.41
4340,47,2026-03-27,Mobile,3,77580.98
4341,626,2026-06-19,Keyboard,2,68617.94
4342,480,2026-01-18,Headphones,2,97096.61
4343,810,2026-07-20,Monitor,3,44066.11
4344,783,2026-05-15,Tablet,2,34070.81
4345,156,2026-08-24,Keyboard,5,6517.31
4346,280,2026-08-09,Mouse,4,4372.32
4347,459,2026-04-20,Mobile,5,55021.39
4348,258,2026-07-03,Headphones,5,50586.29
4349,311,2026-05-21,Mobile,3,80120.09
4350,944,2026-04-08,Tablet,3,40886.27
4351,554,2026-02-05,Laptop,3,33732.25
4352,836,2026-04-25,Keyboard,3,70616.45
4353,369,2026-04-11,Keyboard,5,33888.57
4354,373,2026-01-21,Keyboard,2,20996.0
4355,747,2026-02-16,Tablet,1,59609.63
4356,960,2026-05-19,Headphones,3,11160.44
4357,645,2026-05-07,Monitor,3,73196.68
4358,615,2026-06-20,Laptop,2,10423.12
4359,103,2026-01-22,Keyboard,5,94169.68
4360,616,2026-01-25,Monitor,1,14661.26
4361,303,2026-07-26,Monitor,4,68356.73
4362,704,2026-01-14,Monitor,2,17234.91
4363,416,2026-01-07,Monitor,5,37409.43
4364,323,2026-03-01,Tablet,3,70013.94
4365,699,2026-01-22,Mobile,1,89350.4
4366,139,2026-06-20,Mobile,4,90161.13
4367,813,2026-07-20,Mouse,3,87256.33
4368,11,2026-01-16,Mobile,4,76074.88
4369,942,2026-06-29,Laptop,1,32291.0
4370,220,2026-03-28,Tablet,2,90697.31
4371,990,2026-03-30,Tablet,5,26333.15
4372,912,2026-06-12,Mouse,3,3683.07
4373,45,2026-03-14,Tablet,4,10439.36
4374,722,2026-04-24,Mobile,2,46637.71
4375,51,2026-05-21,Headphones,5,67570.1
4376,29,2026-06-14,Mobile,1,5290.38
4377,295,2026-04-11,Monitor,5,22015.06
4378,792,2026-03-19,Monitor,1,20724.71
4379,593,2026-08-18,Laptop,1,28104.7
4380,961,2026-02-02,Laptop,2,43126.62
4381,627,2026-05-10,Monitor,3,6908.74
4382,308,2026-05-19,Monitor,5,91030.8
4383,227,2026-09-02,Monitor,3,88109.76
4384,914,2026-06-07,Mobile,5,36237.83
4385,769,2026-07-14,Mobile,3,68759.46
4386,151,2026-03-29,Laptop,3,39098.27
4387,61,2026-01-09,Keyboard,4,57154.75
4388,14,2026-05-28,Monitor,1,40079.45
4389,966,2026-04-20,Tablet,5,6349.59
4390,397,2026-05-20,Monitor,4,48011.31
4391,797,2026-01-12,Monitor,2,99613.53
4392,274,2026-05-09,Monitor,2,71807.32
4393,224,2026-09-02,Monitor,2,57242.46
4394,315,2026-03-15,Mouse,3,86257.86
4395,3,2026-01-06,Keyboard,4,46118.39
4396,869,2026-07-14,Tablet,2,33750.34
4397,224,2026-01-03,Mobile,3,82930.01
4398,506,2026-01-19,Mobile,4,31653.81
4399,921,2026-02-03,Keyboard,2,28943.97
4400,551,2026-04-28,Headphones,2,58420.24
4401,192,2026-06-10,Monitor,5,70394.42
4402,225,2026-02-08,Tablet,2,31117.67
4403,98,2026-08-08,Laptop,1,73854.26
4404,586,2026-01-09,Laptop,4,83973.56
4405,365,2026-01-12,Mobile,1,63902.07
4406,554,2026-09-03,Mouse,4,51288.46
4407,15,2026-03-04,Mobile,1,9294.43
4408,455,2026-04-11,Mobile,2,61818.5
4409,289,2026-01-02,Monitor,3,95789.93
4410,934,2026-08-25,Keyboard,3,75546.59
4411,570,2026-05-25,Tablet,5,45389.19
4412,580,2026-08-08,Tablet,2,9228.82
4413,755,2026-06-01,Mouse,4,31512.64
4414,48,2026-04-12,Mobile,2,42198.49
4415,904,2026-07-25,Mobile,1,88532.06
4416,469,2026-02-06,Headphones,3,52305.74
4417,262,2026-01-20,Keyboard,4,89047.85
4418,611,2026-06-27,Mobile,1,90779.42
4419,94,2026-01-30,Tablet,3,84264.45
4420,731,2026-02-27,Tablet,5,1108.86
4421,442,2026-02-18,Monitor,2,10347.98
4422,623,2026-07-23,Monitor,2,7218.75
4423,933,2026-08-21,Mouse,1,52464.27
4424,501,2026-08-21,Monitor,1,68796.35
4425,97,2026-05-25,Keyboard,1,77393.85
4426,448,2026-05-09,Mobile,5,37457.12
4427,564,2026-05-21,Laptop,5,88132.09
4428,768,2026-05-26,Keyboard,4,17164.2
4429,97,2026-06-26,Keyboard,5,51918.02
4430,52,2026-07-01,Tablet,3,91758.2
4431,548,2026-05-03,Tablet,5,85878.97
4432,561,2026-01-18,Keyboard,5,94289.18
4433,931,2026-05-11,Mouse,4,89971.86
4434,522,2026-07-25,Headphones,3,96163.77
4435,888,2026-03-21,Laptop,1,99545.18
4436,173,2026-02-05,Monitor,4,16670.1
4437,182,2026-01-14,Mouse,2,61696.67
4438,131,2026-05-18,Monitor,2,13959.39
4439,160,2026-08-31,Laptop,3,9323.71
4440,499,2026-03-13,Headphones,2,73248.66
4441,768,2026-08-25,Tablet,5,74903.38
4442,432,2026-01-17,Headphones,5,60443.13
4443,718,2026-02-20,Laptop,2,73704.07
4444,14,2026-07-08,Mobile,1,63587.36
4445,52,2026-09-08,Headphones,2,22292.24
4446,134,2026-02-03,Monitor,4,50053.69
4447,953,2026-08-06,Mobile,1,24748.08
4448,199,2026-07-03,Laptop,2,50582.14
4449,344,2026-04-17,Laptop,4,25719.83
4450,3,2026-02-20,Monitor,1,34771.22
4451,610,2026-07-23,Mobile,4,45963.35
4452,408,2026-04-02,Mouse,1,61304.97
4453,136,2026-02-27,Tablet,1,68536.81
4454,166,2026-06-16,Mouse,1,41863.2
4455,833,2026-08-15,Monitor,1,47232.81
4456,886,2026-04-07,Mouse,1,86129.76
4457,597,2026-02-10,Monitor,5,22207.89
4458,805,2026-08-30,Laptop,3,25170.18
4459,760,2026-09-05,Mouse,3,7154.64
4460,402,2026-04-10,Mobile,2,56965.16
4461,890,2026-07-25,Mobile,1,42270.06
4462,514,2026-01-04,Laptop,3,40883.35
4463,378,2026-08-15,Tablet,4,84222.74
4464,403,2026-08-21,Keyboard,1,38624.89
4465,404,2026-06-29,Mobile,1,57247.63
4466,404,2026-07-25,Headphones,3,6514.23
4467,294,2026-05-29,Tablet,3,30400.06
4468,452,2026-01-10,Keyboard,4,97979.81
4469,314,2026-06-25,Mouse,2,71869.33
4470,427,2026-05-26,Headphones,1,30578.94
4471,386,2026-06-04,Mobile,4,19382.39
4472,173,2026-08-05,Keyboard,2,43667.07
4473,121,2026-08-02,Laptop,3,96881.42
4474,222,2026-03-07,Tablet,4,66713.73
4475,849,2026-08-24,Monitor,3,94113.42
4476,713,2026-05-23,Headphones,3,67513.86
4477,696,2026-01-26,Mouse,5,63805.11
4478,41,2026-09-02,Mouse,4,94939.78
4479,974,2026-06-02,Monitor,5,10259.57
4480,953,2026-06-09,Keyboard,2,64127.27
4481,319,2026-07-05,Tablet,1,65972.49
4482,700,2026-05-27,Keyboard,3,22450.01
4483,347,2026-05-24,Tablet,2,88792.47
4484,989,2026-07-04,Headphones,4,97423.78
4485,911,2026-02-17,Headphones,1,36784.72
4486,231,2026-03-02,Mobile,3,94948.9
4487,835,2026-09-01,Laptop,2,8216.06
4488,855,2026-06-30,Headphones,5,50201.07
4489,383,2026-01-08,Monitor,3,37294.6
4490,798,2026-04-30,Monitor,4,91655.69
4491,692,2026-05-25,Headphones,4,33417.1
4492,412,2026-04-27,Mouse,3,72313.7
4493,924,2026-08-30,Monitor,3,94725.45
4494,991,2026-04-03,Mobile,4,37386.52
4495,878,2026-05-01,Headphones,4,38972.59
4496,609,2026-07-06,Tablet,5,38539.62
4497,66,2026-07-26,Keyboard,2,90641.51
4498,81,2026-02-02,Mobile,3,28912.3
4499,549,2026-01-06,Monitor,1,57482.31
4500,859,2026-08-25,Mouse,3,51050.53
4501,350,2026-07-28,Mobile,4,59796.48
4502,806,2026-03-24,Headphones,5,38438.04
4503,865,2026-03-19,Keyboard,2,11727.75
4504,246,2026-08-25,Laptop,4,87076.52
4505,140,2026-03-12,Mobile,3,77803.5
4506,122,2026-05-31,Headphones,2,38788.19
4507,834,2026-08-27,Headphones,1,99770.78
4508,272,2026-09-02,Monitor,5,58560.36
4509,812,2026-03-05,Mobile,4,81749.51
4510,796,2026-03-19,Headphones,3,21742.35
4511,58,2026-07-27,Keyboard,5,41558.6
4512,789,2026-06-18,Keyboard,2,10872.86
4513,698,2026-08-21,Laptop,1,53648.71
4514,749,2026-06-25,Laptop,4,94044.59
4515,365,2026-07-30,Mobile,2,93226.16
4516,378,2026-01-21,Monitor,5,44940.1
4517,955,2026-08-23,Mouse,3,32174.4
4518,372,2026-02-23,Tablet,3,74042.88
4519,444,2026-02-15,Mouse,4,26346.28
4520,697,2026-08-05,Monitor,4,5336.64
4521,199,2026-05-08,Monitor,2,87034.52
4522,836,2026-08-28,Monitor,1,69304.35
4523,816,2026-04-16,Headphones,2,22645.16
4524,474,2026-04-24,Keyboard,2,57941.82
4525,699,2026-04-13,Headphones,4,19235.88
4526,4,2026-04-30,Laptop,3,91147.16
4527,848,2026-06-15,Laptop,3,81621.46
4528,450,2026-07-28,Mouse,1,2946.37
4529,377,2026-08-28,Headphones,5,65999.39
4530,38,2026-01-12,Laptop,2,48642.57
4531,183,2026-06-24,Monitor,2,7038.4
4532,328,2026-02-17,Keyboard,2,12431.55
4533,619,2026-01-07,Headphones,2,96782.13
4534,811,2026-06-27,Laptop,2,76424.85
4535,826,2026-05-16,Monitor,1,49690.53
4536,931,2026-02-12,Laptop,2,12601.5
4537,638,2026-04-07,Headphones,3,71064.14
4538,795,2026-05-13,Keyboard,2,90695.18
4539,616,2026-01-07,Monitor,2,57773.54
4540,877,2026-06-11,Keyboard,2,34724.96
4541,383,2026-07-04,Mouse,3,82811.08
4542,676,2026-08-09,Monitor,2,90999.69
4543,174,2026-02-07,Mobile,4,23070.52
4544,195,2026-06-07,Mouse,5,60988.41
4545,295,2026-01-01,Headphones,4,69273.39
4546,916,2026-08-01,Tablet,2,78294.94
4547,133,2026-02-27,Mobile,4,42968.74
4548,359,2026-05-10,Laptop,4,40011.05
4549,51,2026-08-21,Mouse,4,5033.39
4550,399,2026-02-17,Mouse,4,78897.26
4551,783,2026-01-31,Mouse,2,83061.61
4552,391,2026-02-21,Laptop,1,1908.87
4553,160,2026-02-01,Keyboard,1,35744.97
4554,976,2026-08-05,Tablet,5,22615.01
4555,572,2026-09-04,Monitor,5,63395.94
4556,724,2026-02-16,Laptop,4,66788.95
4557,646,2026-08-04,Keyboard,3,53646.17
4558,799,2026-03-08,Keyboard,4,20430.26
4559,772,2026-04-24,Headphones,2,14942.29
4560,994,2026-09-08,Mobile,2,14592.62
4561,942,2026-02-11,Monitor,5,2180.29
4562,773,2026-01-28,Mouse,3,25748.75
4563,355,2026-02-09,Mouse,5,15851.16
4564,681,2026-07-28,Monitor,2,18274.5
4565,363,2026-09-03,Keyboard,1,38014.18
4566,910,2026-07-30,Mouse,3,21500.82
4567,51,2026-06-17,Keyboard,2,83395.05
4568,810,2026-06-12,Monitor,4,86517.08
4569,69,2026-03-04,Tablet,1,53391.48
4570,407,2026-03-11,Monitor,4,27940.08
4571,242,2026-07-31,Laptop,4,67065.74
4572,878,2026-02-28,Mouse,3,77330.94
4573,576,2026-06-17,Headphones,2,1848.43
4574,74,2026-06-18,Mobile,4,17864.22
4575,59,2026-06-19,Mouse,3,66565.03
4576,585,2026-02-28,Tablet,4,65856.67
4577,65,2026-04-09,Headphones,3,79180.04
4578,371,2026-01-12,Headphones,3,57083.36
4579,179,2026-07-24,Monitor,1,37144.6
4580,738,2026-04-20,Headphones,1,8210.57
4581,941,2026-07-16,Monitor,3,33329.86
4582,18,2026-03-11,Mouse,1,57835.08
4583,607,2026-04-07,Mobile,5,32443.53
4584,509,2026-05-21,Headphones,2,6489.71
4585,1,2026-07-25,Tablet,2,2306.94
4586,446,2026-02-13,Mobile,1,7576.5
4587,668,2026-08-10,Keyboard,1,14027.55
4588,92,2026-06-19,Mobile,3,7792.51
4589,586,2026-02-21,Mobile,4,90640.73
4590,414,2026-06-08,Keyboard,5,56869.68
4591,416,2026-04-27,Laptop,5,95511.66
4592,221,2026-05-02,Laptop,2,42923.06
4593,496,2026-08-17,Mobile,1,79890.04
4594,190,2026-07-17,Mobile,4,65377.41
4595,783,2026-06-22,Laptop,4,95934.81
4596,591,2026-06-28,Mouse,5,62352.93
4597,558,2026-06-16,Keyboard,3,24104.53
4598,959,2026-06-13,Mobile,5,90060.87
4599,710,2026-06-28,Headphones,2,11971.17
4600,646,2026-01-24,Tablet,4,33217.16
4601,32,2026-02-18,Mouse,5,63874.95
4602,239,2026-02-16,Laptop,2,5045.23
4603,601,2026-01-31,Laptop,3,84295.41
4604,358,2026-07-18,Keyboard,4,27592.6
4605,577,2026-03-14,Monitor,4,80054.32
4606,492,2026-03-14,Laptop,1,618.47
4607,992,2026-04-18,Mouse,4,39866.5
4608,558,2026-03-21,Monitor,4,49892.97
4609,587,2026-03-18,Keyboard,5,45288.82
4610,907,2026-03-21,Laptop,4,81713.47
4611,912,2026-04-09,Headphones,4,69217.31
4612,264,2026-01-09,Tablet,3,3786.11
4613,251,2026-04-15,Headphones,3,70053.64
4614,204,2026-05-01,Laptop,5,74041.92
4615,279,2026-09-07,Mouse,4,61837.64
4616,476,2026-09-04,Keyboard,1,11436.04
4617,580,2026-06-12,Monitor,3,14166.64
4618,390,2026-06-28,Mobile,3,20985.92
4619,380,2026-06-27,Mouse,4,72042.08
4620,377,2026-02-15,Headphones,1,16570.44
4621,474,2026-02-11,Keyboard,2,42943.36
4622,81,2026-03-02,Tablet,3,61601.11
4623,538,2026-08-23,Mouse,5,84129.35
4624,344,2026-07-15,Mouse,4,35193.75
4625,424,2026-03-14,Monitor,4,25177.36
4626,339,2026-09-06,Tablet,3,87528.57
4627,946,2026-08-30,Headphones,2,31085.46
4628,805,2026-03-07,Laptop,3,61392.68
4629,584,2026-04-12,Mouse,5,24836.52
4630,249,2026-06-05,Tablet,3,27940.9
4631,292,2026-04-26,Mobile,5,88151.29
4632,420,2026-08-13,Headphones,1,52819.54
4633,857,2026-06-23,Monitor,5,17548.07
4634,49,2026-02-27,Mouse,3,50300.17
4635,620,2026-02-02,Monitor,4,72492.83
4636,590,2026-02-25,Monitor,5,64433.25
4637,535,2026-08-14,Mouse,3,10426.02
4638,107,2026-02-10,Laptop,5,44831.53
4639,708,2026-01-16,Mobile,1,86111.92
4640,45,2026-07-14,Keyboard,3,30485.18
4641,532,2026-08-07,Headphones,2,29063.01
4642,804,2026-07-01,Keyboard,3,33999.47
4643,600,2026-07-24,Mobile,2,4210.59
4644,44,2026-01-03,Headphones,3,56885.16
4645,312,2026-08-06,Keyboard,1,15263.98
4646,229,2026-06-06,Mouse,1,82384.57
4647,919,2026-02-06,Monitor,3,11110.29
4648,118,2026-07-19,Mobile,4,33665.19
4649,886,2026-04-11,Headphones,5,70844.39
4650,195,2026-04-11,Headphones,5,34069.49
4651,860,2026-06-23,Keyboard,1,55760.04
4652,995,2026-04-21,Tablet,1,92308.44
4653,224,2026-06-06,Laptop,3,70728.72
4654,306,2026-05-22,Mobile,3,69728.41
4655,398,2026-04-12,Mobile,1,7711.66
4656,556,2026-08-28,Mouse,3,5281.76
4657,304,2026-02-22,Mobile,2,82966.95
4658,956,2026-02-10,Monitor,2,3831.8
4659,200,2026-03-05,Headphones,4,29629.13
4660,417,2026-03-09,Mobile,1,2362.3
4661,680,2026-03-01,Keyboard,5,41860.68
4662,710,2026-07-09,Monitor,4,78252.38
4663,852,2026-05-19,Laptop,1,55440.81
4664,973,2026-08-19,Monitor,3,71220.18
4665,145,2026-08-18,Mouse,3,38452.2
4666,983,2026-05-30,Laptop,2,88669.04
4667,92,2026-06-17,Monitor,4,44096.34
4668,66,2026-03-15,Keyboard,3,19238.2
4669,310,2026-01-10,Mobile,3,6315.31
4670,550,2026-02-28,Tablet,3,94751.29
4671,166,2026-02-11,Tablet,5,61145.44
4672,433,2026-03-13,Keyboard,3,18526.82
4673,345,2026-07-12,Monitor,2,20297.55
4674,533,2026-02-04,Mobile,5,79424.18
4675,140,2026-01-03,Laptop,2,33353.81
4676,111,2026-05-27,Mobile,2,87842.56
4677,23,2026-02-28,Mobile,2,25737.07
4678,452,2026-04-30,Laptop,1,67197.59
4679,803,2026-04-20,Keyboard,3,93315.06
4680,449,2026-01-03,Tablet,4,14628.45
4681,625,2026-05-03,Mouse,3,75214.92
4682,256,2026-03-22,Monitor,1,17769.3
4683,380,2026-06-14,Mobile,1,8285.07
4684,178,2026-08-20,Mobile,5,55834.8
4685,836,2026-03-08,Keyboard,2,23881.29
4686,278,2026-02-25,Monitor,2,5143.34
4687,304,2026-05-19,Keyboard,1,94681.53
4688,596,2026-07-24,Tablet,1,9541.26
4689,167,2026-07-03,Mobile,2,29621.07
4690,383,2026-08-14,Laptop,4,81525.26
4691,424,2026-07-04,Tablet,3,66225.11
4692,474,2026-05-20,Monitor,1,83253.86
4693,658,2026-05-02,Monitor,4,32450.94
4694,424,2026-03-08,Laptop,5,78772.64
4695,959,2026-06-03,Tablet,2,92603.1
4696,396,2026-01-13,Headphones,5,23125.31
4697,943,2026-08-12,Keyboard,2,78967.67
4698,645,2026-05-01,Mobile,3,50826.03
4699,66,2026-08-27,Mobile,2,32007.46
4700,822,2026-01-11,Mouse,3,38835.1
4701,547,2026-07-14,Headphones,3,91528.38
4702,758,2026-07-05,Mobile,2,48804.04
4703,193,2026-06-10,Keyboard,5,77057.39
4704,814,2026-01-20,Mobile,1,13434.08
4705,49,2026-01-23,Laptop,5,46060.02
4706,43,2026-05-12,Mobile,3,98260.76
4707,426,2026-05-22,Tablet,5,5474.66
4708,913,2026-08-23,Laptop,4,85578.25
4709,845,2026-08-09,Keyboard,3,69511.8
4710,645,2026-07-24,Mobile,5,15529.53
4711,602,2026-01-27,Mouse,5,25556.01
4712,183,2026-04-01,Mouse,3,73654.26
4713,783,2026-08-18,Laptop,4,10651.35
4714,146,2026-02-14,Keyboard,4,74969.61
4715,226,2026-03-05,Mouse,4,18587.9
4716,370,2026-01-06,Tablet,3,15390.53
4717,385,2026-01-29,Mobile,4,68073.16
4718,831,2026-06-25,Headphones,5,87967.47
4719,871,2026-04-08,Mobile,2,74133.77
4720,709,2026-01-01,Mouse,2,20634.49
4721,302,2026-03-16,Headphones,4,87782.3
4722,19,2026-08-02,Headphones,5,84141.47
4723,521,2026-05-08,Mouse,5,92283.64
4724,278,2026-01-04,Keyboard,1,80541.73
4725,881,2026-01-03,Headphones,5,68470.1
4726,520,2026-07-16,Monitor,3,7601.46
4727,896,2026-07-16,Headphones,2,78908.27
4728,509,2026-04-25,Headphones,5,70348.09
4729,407,2026-02-16,Keyboard,2,16415.85
4730,613,2026-08-13,Monitor,3,41704.43
4731,190,2026-03-10,Keyboard,4,47679.45
4732,175,2026-07-23,Mobile,3,56940.25
4733,429,2026-01-05,Laptop,4,35254.32
4734,146,2026-01-22,Tablet,5,13815.21
4735,378,2026-06-17,Mouse,2,15515.48
4736,120,2026-03-15,Laptop,3,92444.02
4737,952,2026-09-02,Tablet,4,22227.45
4738,606,2026-02-08,Headphones,3,75866.36
4739,596,2026-06-29,Keyboard,2,43871.22
4740,685,2026-04-29,Monitor,2,64752.38
4741,847,2026-02-14,Mouse,3,66575.99
4742,185,2026-09-02,Laptop,4,38009.83
4743,680,2026-03-27,Headphones,5,51680.02
4744,685,2026-06-15,Mouse,3,10161.06
4745,742,2026-02-22,Laptop,2,65642.78
4746,872,2026-07-14,Laptop,1,27624.83
4747,873,2026-05-17,Tablet,2,70585.06
4748,66,2026-02-10,Tablet,1,18089.63
4749,97,2026-02-08,Tablet,2,78320.04
4750,768,2026-04-06,Headphones,5,66443.25
4751,116,2026-08-15,Monitor,3,54063.48
4752,446,2026-08-11,Mouse,4,53810.65
4753,306,2026-04-13,Laptop,1,76475.8
4754,544,2026-01-29,Headphones,3,55849.07
4755,399,2026-01-15,Headphones,3,75132.62
4756,857,2026-08-03,Monitor,1,4736.73
4757,182,2026-04-10,Mouse,5,91598.84
4758,453,2026-05-08,Monitor,5,48303.93
4759,322,2026-08-01,Mouse,3,77705.87
4760,398,2026-09-03,Monitor,4,28536.01
4761,409,2026-08-11,Monitor,3,77619.54
4762,611,2026-01-31,Keyboard,2,22162.3
4763,185,2026-06-18,Laptop,5,14520.48
4764,447,2026-08-27,Tablet,2,18315.04
4765,188,2026-02-19,Laptop,3,69172.61
4766,292,2026-01-12,Mobile,5,25667.1
4767,815,2026-02-25,Laptop,3,73407.52
4768,524,2026-08-29,Mouse,1,9459.74
4769,630,2026-08-09,Keyboard,2,82625.54
4770,603,2026-04-15,Mouse,5,97688.04
4771,590,2026-03-13,Monitor,5,10105.24
4772,527,2026-02-11,Monitor,2,11533.92
4773,21,2026-05-21,Laptop,2,87580.75
4774,420,2026-04-19,Laptop,2,70769.92
4775,6,2026-01-16,Headphones,2,74925.58
4776,345,2026-05-19,Mobile,5,39904.95
4777,99,2026-08-12,Laptop,3,63364.93
4778,830,2026-03-25,Mobile,3,24805.04
4779,921,2026-05-16,Mobile,5,71123.55
4780,364,2026-08-28,Mouse,2,92528.03
4781,830,2026-08-04,Mouse,2,66168.48
4782,786,2026-05-25,Mouse,1,6434.31
4783,547,2026-04-12,Monitor,4,16819.4
4784,775,2026-04-28,Keyboard,2,85850.56
4785,865,2026-02-15,Mouse,2,88260.41
4786,625,2026-05-09,Keyboard,2,21841.77
4787,418,2026-05-04,Monitor,1,50812.99
4788,117,2026-06-12,Monitor,5,91348.57
4789,848,2026-07-12,Tablet,4,18114.8
4790,108,2026-04-27,Mobile,4,55438.92
4791,796,2026-09-05,Laptop,1,97328.18
4792,159,2026-02-18,Monitor,5,79214.64
4793,922,2026-02-21,Mobile,5,15659.28
4794,554,2026-06-22,Tablet,5,73243.44
4795,358,2026-02-27,Mobile,4,73848.73
4796,877,2026-07-06,Laptop,5,47948.64
4797,961,2026-07-01,Tablet,1,40903.03
4798,494,2026-08-18,Keyboard,4,9949.71
4799,433,2026-01-12,Tablet,3,82639.42
4800,7,2026-02-12,Monitor,5,52503.34
4801,670,2026-08-08,Tablet,3,25112.55
4802,637,2026-01-20,Mobile,4,60866.53
4803,420,2026-09-02,Laptop,4,91862.98
4804,114,2026-06-27,Headphones,5,42190.43
4805,547,2026-08-07,Monitor,2,54331.27
4806,359,2026-03-18,Monitor,4,18230.41
4807,18,2026-06-22,Monitor,2,70298.77
4808,378,2026-04-07,Monitor,4,53619.72
4809,175,2026-07-15,Mouse,3,57687.24
4810,142,2026-01-25,Headphones,4,20811.93
4811,520,2026-06-07,Mouse,5,89165.36
4812,352,2026-02-11,Headphones,2,60433.23
4813,446,2026-06-21,Monitor,1,76517.63
4814,306,2026-07-08,Mobile,5,86234.49
4815,456,2026-01-06,Headphones,4,14700.58
4816,422,2026-06-08,Keyboard,5,98852.04
4817,65,2026-03-19,Tablet,4,57622.38
4818,497,2026-04-12,Laptop,5,882.8
4819,610,2026-07-20,Keyboard,3,68757.16
4820,262,2026-05-08,Mouse,3,68715.6
4821,585,2026-08-06,Headphones,4,27942.06
4822,522,2026-09-02,Mobile,5,80297.27
4823,310,2026-08-05,Laptop,4,46473.31
4824,860,2026-03-15,Keyboard,5,94400.53
4825,212,2026-03-29,Keyboard,5,53875.26
4826,110,2026-05-17,Keyboard,3,77752.37
4827,29,2026-05-17,Headphones,3,31945.69
4828,620,2026-07-22,Mobile,5,80717.25
4829,11,2026-08-13,Headphones,2,12267.62
4830,33,2026-08-16,Mobile,4,14384.33
4831,41,2026-04-28,Keyboard,4,29342.86
4832,924,2026-06-04,Laptop,1,84066.79
4833,278,2026-02-15,Mouse,3,36177.64
4834,789,2026-01-27,Mobile,1,55850.06
4835,587,2026-05-19,Mouse,2,87555.94
4836,43,2026-07-25,Headphones,4,30859.57
4837,554,2026-07-28,Mouse,2,62076.01
4838,486,2026-07-08,Headphones,1,55556.56
4839,887,2026-04-17,Mobile,1,15363.04
4840,458,2026-09-03,Tablet,3,91562.26
4841,1,2026-01-13,Mobile,1,68125.88
4842,400,2026-07-04,Tablet,4,10631.34
4843,891,2026-08-16,Tablet,5,35911.15
4844,18,2026-02-22,Headphones,4,29631.99
4845,268,2026-05-23,Tablet,5,19562.4
4846,555,2026-04-23,Monitor,3,43483.32
4847,54,2026-05-26,Mouse,4,91441.07
4848,20,2026-08-22,Monitor,1,53316.54
4849,425,2026-02-11,Monitor,1,3607.39
4850,769,2026-06-11,Mobile,4,37549.94
4851,126,2026-06-26,Laptop,2,27502.64
4852,311,2026-03-17,Headphones,2,60344.57
4853,45,2026-08-29,Keyboard,4,27788.75
4854,978,2026-03-29,Keyboard,5,90287.5
4855,839,2026-04-13,Headphones,2,30437.91
4856,387,2026-01-10,Mobile,2,12124.5
4857,353,2026-08-22,Mouse,5,43900.7
4858,141,2026-05-03,Headphones,4,76927.78
4859,962,2026-02-17,Tablet,2,12925.98
4860,340,2026-01-03,Mobile,2,93221.08
4861,676,2026-06-15,Headphones,4,79416.26
4862,511,2026-03-08,Headphones,4,90126.27
4863,555,2026-03-19,Headphones,3,37550.36
4864,616,2026-02-27,Keyboard,3,17486.88
4865,844,2026-08-06,Tablet,2,53670.57
4866,7,2026-03-22,Keyboard,1,96960.19
4867,342,2026-03-15,Monitor,3,22207.06
4868,719,2026-02-12,Tablet,5,6107.48
4869,256,2026-07-09,Keyboard,2,66012.0
4870,94,2026-08-31,Tablet,1,92964.92
4871,484,2026-07-19,Mobile,2,63514.08
4872,507,2026-04-29,Mobile,4,77353.89
4873,658,2026-05-18,Mouse,2,61939.81
4874,329,2026-05-23,Monitor,3,55637.31
4875,186,2026-02-13,Mouse,3,17445.96
4876,355,2026-08-04,Mobile,3,10589.61
4877,515,2026-01-30,Headphones,4,37140.22
4878,460,2026-01-22,Laptop,1,33930.83
4879,542,2026-01-14,Tablet,1,36645.64
4880,95,2026-06-03,Headphones,4,45683.75
4881,483,2026-03-10,Mobile,3,64043.54
4882,791,2026-04-02,Mobile,3,44116.86
4883,750,2026-05-16,Monitor,3,11657.43
4884,865,2026-07-22,Keyboard,1,35962.51
4885,720,2026-03-18,Tablet,5,46216.5
4886,297,2026-03-08,Tablet,5,20715.87
4887,237,2026-03-27,Keyboard,5,53664.4
4888,200,2026-02-26,Laptop,5,22168.44
4889,895,2026-01-22,Tablet,1,68993.89
4890,846,2026-03-03,Monitor,5,91885.19
4891,187,2026-09-08,Keyboard,1,51541.5
4892,548,2026-05-10,Mobile,5,7297.58
4893,179,2026-07-23,Keyboard,5,47784.17
4894,293,2026-01-03,Tablet,5,43762.1
4895,701,2026-03-22,Laptop,3,18563.16
4896,709,2026-04-24,Headphones,4,33008.12
4897,218,2026-06-19,Headphones,2,48521.78
4898,804,2026-07-26,Mouse,1,10601.95
4899,885,2026-05-25,Laptop,3,42773.15
4900,193,2026-05-03,Headphones,3,87000.97
4901,90,2026-05-08,Monitor,4,44547.96
4902,956,2026-04-07,Mobile,5,81002.68
4903,955,2026-05-31,Laptop,3,22836.15
4904,406,2026-07-28,Mobile,5,60657.82
4905,910,2026-03-07,Keyboard,4,26568.32
4906,350,2026-08-20,Laptop,5,58960.42
4907,810,2026-05-30,Laptop,1,11660.47
4908,610,2026-05-17,Mouse,3,48229.21
4909,18,2026-05-28,Mouse,2,83349.7
4910,726,2026-06-25,Headphones,2,9972.37
4911,554,2026-01-22,Mouse,4,66525.33
4912,927,2026-03-16,Headphones,2,65229.83
4913,284,2026-04-10,Monitor,5,77759.66
4914,635,2026-03-18,Tablet,5,72557.62
4915,380,2026-05-30,Keyboard,2,56323.48
4916,380,2026-08-13,Tablet,4,33195.04
4917,585,2026-07-01,Headphones,5,13078.63
4918,760,2026-05-13,Laptop,5,5608.54
4919,74,2026-02-06,Keyboard,5,46544.7
4920,624,2026-05-18,Monitor,1,82090.17
4921,542,2026-03-18,Mouse,2,64110.13
4922,881,2026-08-21,Keyboard,1,46481.15
4923,337,2026-08-26,Tablet,5,53147.53
4924,989,2026-08-23,Headphones,3,81183.08
4925,273,2026-07-22,Tablet,2,42832.68
4926,895,2026-07-14,Mobile,5,99493.93
4927,108,2026-05-14,Laptop,2,72748.89
4928,31,2026-06-13,Mobile,5,50526.36
4929,445,2026-07-12,Tablet,5,11850.66
4930,592,2026-01-21,Mobile,5,98614.11
4931,855,2026-05-06,Mouse,1,27872.67
4932,345,2026-08-23,Mouse,1,88807.04
4933,756,2026-01-06,Tablet,5,65840.77
4934,990,2026-08-10,Tablet,5,63212.37
4935,854,2026-02-12,Laptop,4,47067.03
4936,380,2026-01-13,Headphones,2,56247.26
4937,947,2026-04-19,Keyboard,5,21168.72
4938,809,2026-07-30,Headphones,1,62986.41
4939,321,2026-06-18,Monitor,5,54076.87
4940,773,2026-01-06,Monitor,4,96137.89
4941,788,2026-01-04,Tablet,3,19918.31
4942,405,2026-06-22,Laptop,1,12625.12
4943,807,2026-03-03,Mouse,1,1538.31
4944,879,2026-09-03,Mouse,2,85356.71
4945,315,2026-05-02,Mobile,3,35281.39
4946,741,2026-03-04,Keyboard,1,57609.79
4947,544,2026-06-26,Headphones,5,79861.31
4948,515,2026-08-08,Monitor,1,4750.29
4949,63,2026-03-25,Mobile,3,21611.65
4950,212,2026-04-29,Keyboard,1,90624.8
4951,714,2026-08-27,Tablet,5,49870.84
4952,776,2026-04-08,Keyboard,2,91543.75
4953,223,2026-01-21,Monitor,3,51210.87
4954,411,2026-06-03,Mouse,2,21294.09
4955,818,2026-03-03,Mouse,1,70579.29
4956,342,2026-06-10,Mouse,3,97555.06
4957,770,2026-09-08,Tablet,4,9489.58
4958,979,2026-06-12,Headphones,4,66733.08
4959,667,2026-01-23,Headphones,4,82130.93
4960,599,2026-03-03,Keyboard,5,19000.77
4961,809,2026-03-30,Laptop,1,38293.17
4962,403,2026-03-05,Monitor,5,4737.44
4963,859,2026-02-04,Mouse,2,47417.91
4964,468,2026-02-16,Laptop,2,54697.88
4965,785,2026-04-18,Monitor,4,41280.99
4966,937,2026-03-29,Mobile,3,18120.37
4967,387,2026-01-22,Tablet,3,26014.26
4968,722,2026-07-29,Monitor,4,8116.07
4969,108,2026-08-17,Mouse,4,95910.51
4970,650,2026-03-24,Mobile,3,53773.61
4971,651,2026-07-29,Headphones,4,82909.43
4972,999,2026-01-11,Headphones,1,4228.6
4973,574,2026-06-21,Mouse,1,13969.21
4974,220,2026-09-08,Laptop,3,14699.64
4975,214,2026-04-18,Keyboard,2,93395.88
4976,894,2026-05-11,Laptop,3,63559.12
4977,278,2026-06-23,Keyboard,1,53122.42
4978,236,2026-05-29,Mouse,3,79527.57
4979,23,2026-08-26,Mouse,4,57725.7
4980,429,2026-01-12,Keyboard,4,26382.71
4981,882,2026-07-13,Monitor,5,62856.27
4982,942,2026-06-27,Laptop,5,17783.19
4983,550,2026-05-10,Tablet,3,93879.21
4984,466,2026-05-11,Tablet,3,87181.29
4985,984,2026-07-13,Headphones,1,85640.02
4986,852,2026-03-02,Tablet,3,53994.94
4987,465,2026-08-17,Mobile,4,12766.94
4988,910,2026-03-10,Mobile,1,64359.45
4989,826,2026-04-19,Mouse,5,98519.37
4990,109,2026-07-21,Tablet,4,83994.8
4991,278,2026-07-30,Tablet,1,20707.96
4992,214,2026-08-31,Mouse,5,76120.67
4993,67,2026-08-19,Mouse,4,20951.87
4994,454,2026-05-01,Monitor,3,96199.16
4995,750,2026-02-26,Mobile,2,40767.95
4996,487,2026-07-14,Keyboard,1,83025.31
4997,239,2026-01-25,Monitor,1,60701.76
4998,936,2026-06-09,Laptop,3,19703.64
4999,653,2026-07-31,Tablet,4,96947.8
5000,559,2026-02-17,Mobile,4,13757.41
